POS,new_ref,ALT_new,AF_new,estimated copy number,normalized AF
73,A,C,0.0040459999999999,274.9324029,1.1123765021333727
74,C,A,0.0018179999999999,274.9324029,0.4998271084721725
121,G,C,0.001256,274.9324029,0.34531509804239996
139,T,C,0.219048,274.9324029,60.2233929904392
524,G,C,0.0173569999999999,274.9324029,4.772001717135272
560,G,C,0.0356589999999999,274.9324029,9.803814555011073
626,G,T,0.1408009999999999,274.9324029,38.71075726072287
673,C,G,0.046498,274.9324029,12.783806870044199
674,G,C,0.0212369999999999,274.9324029,5.838739440387272
716,C,T,0.037648,274.9324029,10.3506551043792
730,G,T,0.034323,274.9324029,9.4365048647367
749,T,G,0.39848,274.9324029,109.555063907592
866,G,A,0.010264,274.9324029,2.8219061833656003
878,G,A,0.10327,274.9324029,28.392269247483
907,T,G,0.025171,274.9324029,6.9203235133959
926,A,T,0.021829,274.9324029,6.0014994229041
940,T,G,0.038824,274.9324029,10.673975610189599
942,T,G,0.026489,274.9324029,7.2826844204181
948,T,C,0.015011,274.9324029,4.1270102999319
954,C,G,0.011452,274.9324029,3.1485258780108003
961,A,T,0.018216,274.9324029,5.008168651226399
1103,T,G,0.028311,274.9324029,7.7836112585018995
1143,A,C,0.025201,274.9324029,6.9285714854829
1148,T,G,0.034092,274.9324029,9.3729954796668
1151,T,G,0.080288,274.9324029,22.073772764035198
1153,T,G,0.088041,274.9324029,24.2053236837189
1155,T,G,0.066413,274.9324029,18.2590856737977
1159,T,G,0.025093,274.9324029,6.8988787859697
1196,T,G,0.087705,274.9324029,24.1129463963445
1214,T,G,0.05742,274.9324029,15.786618574518
1217,T,G,0.053623,274.9324029,14.7427002407067
1222,T,G,0.027522,274.9324029,7.5666895926138
1279,C,G,0.033102,274.9324029,9.1008124007958
1282,C,T,0.007077,274.9324029,1.9456966153233
1354,A,T,0.012102,274.9324029,3.3272319398958
1411,C,A,0.016688,274.9324029,4.5880719395952
1578,A,C,0.046733,274.9324029,12.8484159847257
1585,T,G,0.036402,274.9324029,10.008089330365799
1588,T,G,0.024091,274.9324029,6.623396518263901
1749,C,T,0.405717,274.9324029,111.5447497073793
1844,T,G,0.023796,274.9324029,6.542291459408401
1868,T,G,0.047597,274.9324029,13.0859575808313
1874,C,T,0.038599,274.9324029,10.6121158195371
1891,G,A,0.053377,274.9324029,14.6750668695933
1896,A,C,0.024285,274.9324029,6.6767334044265
1938,G,C,0.247569,274.9324029,68.0647400535501
1939,T,G,0.274319,274.9324029,75.4191818311251
1968,T,G,0.027491,274.9324029,7.5581666881239
1982,T,G,0.104405,274.9324029,28.7043175247745
1985,C,G,0.039204,274.9324029,10.778449923291602
2004,A,C,0.049371,274.9324029,13.5736876635759
2138,C,G,0.019042,274.9324029,5.2352628160218
2157,G,A,0.038234,274.9324029,10.511765492478599
2172,T,C,0.218704,274.9324029,60.128816243841605
2278,T,C,0.224572,274.9324029,61.7421195840588
2332,A,G,0.172918,274.9324029,47.5407612446622
2354,T,G,0.028212,274.9324029,7.7563929506148
2371,T,G,0.04159,274.9324029,11.434438636611
2383,C,G,0.022268,274.9324029,6.1221947477772
2386,T,G,0.047397,274.9324029,13.0309711002513
2392,C,G,0.0031609999999999,274.9324029,0.8690613255668725
2408,T,G,0.065914,274.9324029,18.1218944047506
2424,T,G,0.047785,274.9324029,13.1376448725765
2433,T,G,0.033617,274.9324029,9.2424025882893
2438,C,G,0.208438,274.9324029,57.3063601956702
2457,G,A,0.206707,274.9324029,56.8304522062503
2484,A,G,0.0834709999999999,274.9324029,22.948882602465876
2504,G,C,0.055639,274.9324029,15.2969639649531
2553,G,C,0.031888,274.9324029,8.7670444636752
2590,T,C,0.024363,274.9324029,6.6981781318527
2597,G,T,0.033325,274.9324029,9.1621223266425
2599,T,C,0.108273,274.9324029,29.767756059191697
2617,A,C,0.186825,274.9324029,51.364246171792495
2632,G,A,0.030121,274.9324029,8.2812389077509
2731,C,T,0.010197,274.9324029,2.8034857123713
2757,T,G,0.023898,274.9324029,6.5703345645042
2847,T,G,0.026239,274.9324029,7.213951319693099
2962,C,G,0.033938,274.9324029,9.330655889620202
3002,G,T,0.045153,274.9324029,12.414022788143699
3004,T,C,0.0502359999999999,274.9324029,13.811504192084373
3006,C,T,0.006225,274.9324029,1.7114542080525
3011,T,G,0.038997,274.9324029,10.7215389158913
3057,T,G,0.038964,274.9324029,10.712466146595599
3063,T,G,0.032159,274.9324029,8.8415511448611
3066,T,G,0.037281,274.9324029,10.2497549125149
3068,T,G,0.045185,274.9324029,12.4228206250365
3071,C,G,0.023804,274.9324029,6.5444909186316
3079,A,C,0.03811,274.9324029,10.477673874518999
3084,T,G,0.038949,274.9324029,10.7083421605521
3090,C,G,0.033738,274.9324029,9.2756694090402
3121,T,G,0.039225,274.9324029,10.7842235037525
3143,A,C,0.057566,274.9324029,15.8267587053414
3200,A,C,0.081816,274.9324029,22.4938694756664
3204,C,A,0.043172,274.9324029,11.8693816979988
3230,A,C,0.053279,274.9324029,14.6481234941091
3233,T,G,0.061356,274.9324029,16.8687525123324
3266,T,G,0.055105,274.9324029,15.150150061804501
3314,T,G,0.14114,274.9324029,38.803959345306
3322,G,A,0.038927,274.9324029,10.7022936476883
3324,T,G,0.100528,274.9324029,27.638404598731203
3380,A,C,0.044966,274.9324029,12.3626104288014
3381,C,T,0.054084,274.9324029,14.8694440784436
3383,A,G,0.232558,274.9324029,63.93772975361819
3402,T,G,0.041071,274.9324029,11.2917487195059
3419,T,G,0.047279,274.9324029,12.9985290767091
3422,T,G,0.034761,274.9324029,9.5569252572069
3425,T,G,0.041849,274.9324029,11.505646128962098
3432,T,G,0.041249,274.9324029,11.3406866872221
3635,C,G,0.0048169999999999,274.9324029,1.3243493847692727
3640,C,A,0.25962,274.9324029,71.377950440898
3714,C,G,0.254845,274.9324029,70.06514821705049
3931,C,T,0.0147,274.9324029,4.04150632263
3968,G,A,0.017434,274.9324029,4.7931715121586
3988,G,A,0.021582,274.9324029,5.9335911193878
4038,C,T,0.024974,274.9324029,6.8661618300246
4086,C,T,0.029735,274.9324029,8.1751150002315
4106,C,T,0.023234,274.9324029,6.3877794489786
4118,C,T,0.029175,274.9324029,8.0211528546075
4136,G,A,0.028229,274.9324029,7.7610668014641
4137,C,T,0.025616,274.9324029,7.0426684326863995
4161,G,A,0.019024,274.9324029,5.230314032769599
4199,C,T,0.015949,274.9324029,4.3848968938521
4204,C,T,0.019326,274.9324029,5.3133436184453995
4241,C,T,0.01683,274.9324029,4.627112340807001
4266,G,A,0.020454,274.9324029,5.6234673689166
4364,C,T,0.01419,274.9324029,3.901290797151
4368,G,A,0.02325,274.9324029,6.392178367425
4406,C,T,0.024345,274.9324029,6.693229348600499
4417,C,T,0.014945,274.9324029,4.1088647613405
4439,C,T,0.015988,274.9324029,4.395619257565199
4489,C,T,0.023372,274.9324029,6.4257201205788
4637,A,G,0.025848,274.9324029,7.1064527501592
4638,G,T,0.028311,274.9324029,7.7836112585018995
4639,A,T,0.027549,274.9324029,7.5741127674921005
4650,C,T,0.019396,274.9324029,5.3325888866484
4751,C,T,0.040198,274.9324029,11.0517327317742
4759,C,T,0.033002,274.9324029,9.073319160505799
4784,C,T,0.03408,274.9324029,9.369696290832
4796,G,A,0.032051,274.9324029,8.811858445347902
4797,G,A,0.032946,274.9324029,9.057922945943401
4910,C,T,0.020585,274.9324029,5.659483513696499
4917,C,A,0.020678,274.9324029,5.685052227166199
4974,G,A,0.023103,274.9324029,6.351763304198699
5011,C,T,0.023901,274.9324029,6.571159361712899
5037,G,C,0.021628,274.9324029,5.9462380099212
5601,A,C,0.094886,274.9324029,26.0872359815694
5601,A,G,0.11792,274.9324029,32.420028949968
5613,C,T,0.077368,274.9324029,21.2709701475672
5642,T,G,0.062139,274.9324029,17.0840245838031
5658,T,G,0.059081,274.9324029,16.2432812957349
5696,A,G,0.15903,274.9324029,43.722500033187
5754,G,A,0.186066,274.9324029,51.155572477991406
5839,G,A,0.257491,274.9324029,70.7926193551239
5867,T,G,0.098424,274.9324029,27.0599468230296
6115,G,A,0.031256,274.9324029,8.5932871850424
6122,T,G,0.035937,274.9324029,9.8802457630173
6160,T,G,0.064904,274.9324029,17.844212677821602
6175,T,G,0.035894,274.9324029,9.8684236696926
6183,T,G,0.065137,274.9324029,17.9082719276973
6187,T,G,0.063205,274.9324029,17.3771025252945
6197,T,G,0.085639,274.9324029,23.5449360519531
6200,T,G,0.076643,274.9324029,21.0716441554647
6221,T,G,0.089465,274.9324029,24.596827425448502
6226,A,G,0.054412,274.9324029,14.959621906594801
6252,A,C,0.104807,274.9324029,28.814840350740297
6274,C,T,0.067838,274.9324029,18.6508643479302
6293,C,A,0.443448,274.9324029,121.91822420119921
6308,T,G,0.057504,274.9324029,15.8097128963616
6309,C,G,0.028166,274.9324029,7.7437460600814
6313,T,G,0.073341,274.9324029,20.163817361088903
6320,T,G,0.103126,274.9324029,28.3526789814654
6335,T,G,0.048507,274.9324029,13.3361460674703
6353,T,G,0.073445,274.9324029,20.192410330990498
6355,T,G,0.040775,274.9324029,11.2103687282475
6358,C,G,0.037296,274.9324029,10.253878898558401
6360,T,G,0.075833,274.9324029,20.8489489091157
6374,T,G,0.048703,274.9324029,13.390032818438701
6380,C,G,0.025645,274.9324029,7.050641472370501
6385,A,C,0.044473,274.9324029,12.2270687541717
6400,T,G,0.033819,274.9324029,9.2979389336751
6405,T,G,0.03825,274.9324029,10.516164410925
6408,T,G,0.032792,274.9324029,9.015583355896801
6419,G,C,0.01243,274.9324029,3.417409768047
6428,T,G,0.05588,274.9324029,15.363222674052
6432,C,G,0.018928,274.9324029,5.2039205220912
6449,T,G,0.021219,274.9324029,5.8337906571351
6452,T,G,0.02323,274.9324029,6.386679719367
6465,G,C,0.012225,274.9324029,3.3610486254525
6466,A,C,0.022283,274.9324029,6.126318733820701
6485,T,G,0.022265,274.9324029,6.1213699505685
6494,C,G,0.022789,274.9324029,6.2654345296881
6495,T,G,0.032496,274.9324029,8.9342033646384
6513,T,G,0.042644,274.9324029,11.7242173892676
6519,A,C,0.044931,274.9324029,12.3529877946999
6520,A,C,0.058879,274.9324029,16.1877449503491
6584,G,C,0.038521,274.9324029,10.5906710921109
6796,G,C,0.034273,274.9324029,9.4227582445917
6904,T,G,0.028071,274.9324029,7.717627481805899
6905,T,G,0.031342,274.9324029,8.6169313716918
6917,C,T,0.069574,274.9324029,19.1281469993646
6918,G,C,0.023389,274.9324029,6.4303939714281
6949,T,G,0.07075,274.9324029,19.451467505175
6954,A,C,0.069689,274.9324029,19.1597642256981
6959,T,G,0.066776,274.9324029,18.3588861360504
6964,T,G,0.124313,274.9324029,34.1776718017077
6977,A,G,0.104819,274.9324029,28.8181395395751
6984,C,G,0.041791,274.9324029,11.4897000495939
6994,T,G,0.068428,274.9324029,18.8130744656412
7008,A,G,0.348296,274.9324029,95.75785620045839
7053,G,A,0.246699,274.9324029,67.8255488630271
7065,T,G,0.079537,274.9324029,21.867298529457297
7093,T,G,0.046095,274.9324029,12.6730091116755
7147,T,A,0.036058,274.9324029,9.9135125837682
7162,T,G,0.037608,274.9324029,10.339657808263201
7202,T,G,0.04474,274.9324029,12.300475705746
7209,T,G,0.088777,274.9324029,24.4076739322533
7229,T,G,0.071632,274.9324029,19.6939578845328
7268,A,C,0.368576,274.9324029,101.33348533127041
7339,T,G,0.095884,274.9324029,26.361618519663597
7392,G,C,0.079255,274.9324029,21.789767591839503
7414,G,C,0.335194,274.9324029,92.1556918576626
7496,G,A,0.339063,274.9324029,93.21940532448271
7506,C,G,0.07165,274.9324029,19.698906667785
7574,T,G,0.062579,274.9324029,17.2049948410791
7637,T,G,0.0608,274.9324029,16.71589009632
7652,T,G,0.063749,274.9324029,17.5266657524721
7661,G,C,0.01573,274.9324029,4.324686697617
7717,G,C,0.0023889999999999,274.9324029,0.6568135105280725
7719,T,C,0.040297,274.9324029,11.0789510396613
7792,G,C,0.053872,274.9324029,14.8111584090288
7799,T,C,0.262857,274.9324029,72.2679066290853
7803,G,C,0.035837,274.9324029,9.8527525227273
7827,T,G,0.036496,274.9324029,10.0339329762384
7852,T,G,0.052057,274.9324029,14.3121560977653
7893,T,G,0.051376,274.9324029,14.124927131390399
7994,G,A,0.0899379999999999,274.9324029,24.726870452020176
8181,G,C,0.059294,274.9324029,16.3018418975526
8264,C,G,0.100803,274.9324029,27.7140110095287
8472,G,C,0.034019,274.9324029,9.3529254142551
8487,G,C,0.050576,274.9324029,13.904981209070401
8490,G,C,0.037331,274.9324029,10.2635015326599
8495,T,A,0.054435,274.9324029,14.9659453518615
8498,T,A,0.050673,274.9324029,13.9316496521517
8531,T,G,0.162366,274.9324029,44.639674529261406
8539,T,G,0.212523,274.9324029,58.429459061516695
8559,T,G,0.067995,274.9324029,18.6940287351855
8564,T,G,0.060303,274.9324029,16.5792486920787
8565,C,G,0.042343,274.9324029,11.6414627359947
8574,A,C,0.034031,274.9324029,9.356224603089899
8578,T,G,0.038207,274.9324029,10.5043423176003
8584,G,C,0.018115,274.9324029,4.980400478533499
8585,A,C,0.058979,274.9324029,16.2152381906391
8592,A,C,0.039377,274.9324029,10.8260132289933
8627,T,G,0.051545,274.9324029,14.1713907074805
8636,A,C,0.030868,274.9324029,8.4866134127172
8649,C,T,0.010786,274.9324029,2.9654208976794
8672,A,C,0.036487,274.9324029,10.031458584612299
8675,T,G,0.041561,274.9324029,11.4264655969269
8748,T,G,0.04402,274.9324029,12.102524375658
8765,T,G,0.04264,274.9324029,11.723117659656
8850,A,C,0.033001,274.9324029,9.073044228102901
8865,A,C,0.039424,274.9324029,10.8389350519296
8866,T,G,0.029502,274.9324029,8.111055750355801
8881,A,C,0.024065,274.9324029,6.6162482757885
8892,T,G,0.038534,274.9324029,10.5942452133486
8921,A,C,0.054258,274.9324029,14.9172823165482
8926,C,G,0.05001,274.9324029,13.749369469029
8934,A,C,0.080385,274.9324029,22.1004412071165
8944,A,C,0.03852,274.9324029,10.590396159708
8951,T,G,0.033714,274.9324029,9.2690710313706
8976,T,G,0.043269,274.9324029,11.896050141080101
8984,T,G,0.048869,274.9324029,13.4356715973201
8999,A,C,0.058671,274.9324029,16.130559010545902
9008,A,C,0.079188,274.9324029,21.7713471208452
9016,A,C,0.048283,274.9324029,13.2745612092207
9027,A,C,0.077477,274.9324029,21.300937779483302
9042,G,C,0.032357,274.9324029,8.895987760635299
9048,G,C,0.066959,274.9324029,18.409198765781102
9057,A,C,0.082169,274.9324029,22.590920613890102
9067,T,G,0.103645,274.9324029,28.4953688985705
9080,T,G,0.094397,274.9324029,25.9527940365513
9081,C,G,0.046663,274.9324029,12.8291707165227
9088,C,G,0.037004,274.9324029,10.173598636911601
9093,C,G,0.026488,274.9324029,7.2824094880152
9098,T,G,0.03565,274.9324029,9.801340163385
9100,T,G,0.036473,274.9324029,10.0276095309717
9105,A,C,0.043304,274.9324029,11.9056727751816
9107,T,G,0.044164,274.9324029,12.142114641675601
9122,T,G,0.043883,274.9324029,12.0648586364607
9146,T,G,0.033364,274.9324029,9.1728446903556
10056,T,G,0.135989,274.9324029,37.3877825379681
10058,T,G,0.097931,274.9324029,26.924405148399902
10061,T,G,0.0969,274.9324029,26.64094984101
10063,T,G,0.031122,274.9324029,8.5564462430538
10065,C,G,0.028043,274.9324029,7.7099293745247
10067,T,G,0.040552,274.9324029,11.1490588024008
10068,C,G,0.030502,274.9324029,8.3859881532558
10071,A,T,0.04636,274.9324029,12.745866198444
10097,G,T,0.110906,274.9324029,30.4916530760274
10106,T,G,0.068875,274.9324029,18.9359692497375
10882,C,G,1.0,274.9324029,274.9324029
10959,A,G,0.515493,274.9324029,141.7257291681297
11126,C,G,0.0083929999999999,274.9324029,2.3075076575396727
11149,G,C,0.0017709999999999,274.9324029,0.48690528553587253
11150,C,G,0.020387,274.9324029,5.6050468979223
11251,A,C,0.396077,274.9324029,108.8944013434233
11257,A,C,0.33871,274.9324029,93.122354186259
11749,A,C,0.043083,274.9324029,11.844912714140701
11938,G,C,0.047833,274.9324029,13.1508416279157
11965,A,C,0.034602,274.9324029,9.5132110051458
11995,T,G,0.035421,274.9324029,9.7383806431209
11997,A,T,0.053969,274.9324029,14.837826852110101
12000,C,G,0.082003,274.9324029,22.5452818350087
12024,T,G,0.057692,274.9324029,15.8614001881068
12047,G,C,0.218524,274.9324029,60.0793284113196
12388,A,G,0.001998,274.9324029,0.5493149409942001
12712,A,G,0.404596,274.9324029,111.23655048372841
12805,C,T,0.063756,274.9324029,17.5285902792924
12980,T,C,0.178102,274.9324029,48.966010821295804
13011,C,T,0.003287,274.9324029,0.9037028083323
13084,G,T,0.216168,274.9324029,59.4315876700872
