POS,new_ref,ALT_new,AF_new
31,C,T,1.0
32,T,C,0.004329000000000027
73,A,C,0.002183000000000046
74,C,A,0.00036000000000002697
121,G,C,0.0007599999999999829
139,T,C,0.125443
487,C,T,0.038422
524,G,C,0.020191999999999988
560,G,C,0.028088000000000002
626,G,T,0.057589
650,C,T,0.047311
673,C,G,0.011199999999999988
674,G,C,0.003330999999999973
749,T,G,0.291332
843,C,G,0.033929
878,G,A,0.016006
948,T,C,0.037925
1151,T,G,0.05523
1153,T,G,0.046937
1155,T,G,0.034572
1210,G,A,0.009718
1306,A,G,0.012278
1476,C,T,0.007009
1718,T,C,0.019118
1749,C,T,0.77684
1926,G,A,0.017379
1938,G,C,0.177031
1939,T,G,0.187037
1982,T,G,0.024996
2010,T,G,0.042839
2131,T,G,0.014511
2138,C,G,0.007076
2142,C,G,0.01296
2172,T,C,0.100216
2242,T,C,0.041848
2278,T,C,0.145938
2299,C,A,0.025301
2332,A,G,0.194361
2338,C,G,0.042607
2382,T,G,0.210505
2417,C,A,0.089187
2429,G,A,0.040955
2438,C,G,0.141796
2457,G,A,0.136604
2517,G,C,0.045215
2553,G,C,0.003530999999999951
2567,G,A,0.205014
2590,T,C,0.013671
2599,T,C,0.074785
2617,A,C,0.108746
2694,C,T,0.00764
2731,C,T,0.008614
2849,C,T,0.006973
2930,C,T,0.007356
2952,C,T,0.017005
2961,T,G,0.026929
2969,T,G,0.019089
3002,G,T,0.025151999999999952
3004,T,C,0.02385499999999996
3006,C,T,0.003956999999999988
3011,T,G,0.025729
3090,C,G,0.004377999999999993
3195,C,T,0.046245
3204,C,A,0.108938
3314,T,G,0.034775
3324,T,G,0.026989
3389,C,G,0.010703
3425,T,G,0.026392
3628,G,A,0.101161
3635,C,G,0.0007789999999999742
3640,C,A,0.292698
3850,C,T,0.015047
3968,G,A,0.018474
3988,G,A,0.022038
4038,C,T,0.026554
4086,C,T,0.027993
4106,C,T,0.022318
4118,C,T,0.028221
4136,G,A,0.028924
4137,C,T,0.025342
4161,G,A,0.017869
4204,C,T,0.019157
4241,C,T,0.015138
4266,G,A,0.01618
4368,G,A,0.018073
4406,C,T,0.020333
4439,C,T,0.012645
4489,C,T,0.019707
4508,G,T,0.011853
4637,A,G,0.024297
4638,G,T,0.026397
4639,A,T,0.025828
4650,C,T,0.018928
4751,C,T,0.030902
4759,C,T,0.030396
4784,C,T,0.02853
4796,G,A,0.028365
4797,G,A,0.028781
4860,A,G,0.02165
4910,C,T,0.022998
4917,C,A,0.024116
4974,G,A,0.029093
5011,C,T,0.027745
5227,G,A,0.014223
5406,G,T,0.034689
5601,A,C,0.052091
5601,A,G,0.080011
5617,T,G,0.046192
5644,C,T,0.062071
5696,A,G,0.121904
5754,G,A,0.26147
5839,G,A,0.560106
6115,G,A,0.089699
6133,T,G,0.031485
6160,T,G,0.03959
6183,T,G,0.026338
6197,T,G,0.035801
6200,T,G,0.029254
6252,A,C,0.028196
6293,C,A,0.467167
6458,A,C,0.219886
6492,T,G,0.017741
6495,T,G,0.031299
6543,G,T,0.198526
6631,A,C,0.044298
6796,G,C,0.030606
6917,C,T,0.104456
6949,T,G,0.046839
6994,T,G,0.039068
7053,G,A,0.02072
7126,C,T,0.091224
7202,T,G,0.022397
7208,G,C,0.088701
7209,T,G,0.043832
7229,T,G,0.044918
7268,A,C,0.056215
7334,C,T,0.031828
7414,G,C,0.225074
7441,T,G,0.05269
7496,G,A,0.06298
7506,C,G,0.069296
7661,G,C,0.0019780000000000353
7717,G,C,0.0065269999999999495
7719,T,C,0.016123
7792,G,C,0.185775
7799,T,C,0.39396200000000003
7803,G,C,0.037884
7893,T,G,0.035021
7917,G,T,0.011715
7994,G,A,0.14694700000000005
8181,G,C,0.040933
8568,C,T,0.209356
8672,A,C,0.025742
8789,T,C,0.118084
8892,T,G,0.024599
9008,A,C,0.028004
9027,A,C,0.016189
9146,T,G,0.018546
10056,T,G,0.057845
10058,T,G,0.055521
10061,T,G,0.051851
10097,G,T,0.047881
10211,C,T,0.008026
10882,C,G,0.06718000000000002
10959,A,G,0.226117
11126,C,G,0.005716999999999972
11149,G,C,0.004252999999999951
11150,C,G,0.026225000000000054
11938,G,C,0.02192
11965,A,C,0.024883
12024,T,G,0.028983
12047,G,C,0.13939100000000004
12056,G,C,0.074138
12388,A,G,0.0015650000000000386
12626,A,G,0.025823
12712,A,G,0.173622
12805,C,T,0.081662
12980,T,C,0.258826
13011,C,T,0.003261999999999987
13084,G,T,0.354525
