POS,REF
1,G
2,C
3,T
4,G
5,A
6,C
7,A
8,C
9,G
10,C
11,T
12,G
13,T
14,C
15,C
16,T
17,C
18,T
19,G
20,G
21,C
22,G
23,A
24,C
25,C
26,T
27,G
28,T
29,C
30,G
31,C
32,T
33,G
34,G
35,A
36,G
37,A
38,G
39,G
40,T
41,T
42,G
43,G
44,G
45,C
46,C
47,T
48,C
49,C
50,G
51,G
52,A
53,T
54,G
55,C
56,G
57,C
58,G
59,C
60,G
61,G
62,G
63,G
64,C
65,T
66,C
67,T
68,G
69,G
70,C
71,C
72,T
73,A
74,C
75,C
76,G
77,G
78,T
79,G
80,A
81,C
82,C
83,C
84,G
85,G
86,C
87,T
88,A
89,G
90,C
91,C
92,G
93,G
94,C
95,C
96,G
97,C
98,G
99,C
100,T
101,C
102,C
103,T
104,G
105,C
106,T
107,T
108,G
109,A
110,G
111,C
112,C
113,G
114,C
115,C
116,T
117,G
118,C
119,C
120,G
121,G
122,G
123,G
124,C
125,C
126,C
127,G
128,C
129,G
130,G
131,G
132,C
133,C
134,T
135,G
136,C
137,T
138,G
139,T
140,T
141,C
142,T
143,C
144,T
145,C
146,G
147,C
148,G
149,C
150,G
151,T
152,C
153,C
154,G
155,A
156,G
157,C
158,G
159,T
160,C
161,C
162,C
163,G
164,A
165,C
166,T
167,C
168,C
169,C
170,G
171,G
172,T
173,G
174,C
175,C
176,G
177,G
178,C
179,C
180,C
181,G
182,G
183,G
184,T
185,C
186,C
187,G
188,G
189,G
190,T
191,C
192,T
193,C
194,T
195,G
196,A
197,C
198,C
199,C
200,A
201,C
202,C
203,C
204,G
205,G
206,G
207,G
208,G
209,C
210,G
211,G
212,C
213,G
214,G
215,G
216,G
217,A
218,A
219,G
220,G
221,C
222,G
223,G
224,C
225,G
226,A
227,G
228,G
229,G
230,C
231,C
232,A
233,C
234,C
235,G
236,T
237,G
238,C
239,C
240,C
241,C
242,C
243,G
244,T
245,G
246,C
247,G
248,C
249,T
250,C
251,T
252,C
253,C
254,G
255,C
256,T
257,G
258,C
259,G
260,G
261,G
262,C
263,G
264,C
265,C
266,C
267,G
268,G
269,G
270,G
271,C
272,G
273,G
274,C
275,C
276,G
277,C
278,G
279,A
280,C
281,A
282,A
283,C
284,C
285,C
286,C
287,A
288,C
289,C
290,C
291,C
292,G
293,C
294,T
295,G
296,G
297,C
298,T
299,C
300,C
301,G
302,T
303,G
304,C
305,C
306,G
307,T
308,G
309,C
310,G
311,T
312,G
313,T
314,C
315,A
316,G
317,G
318,C
319,G
320,T
321,T
322,C
323,T
324,C
325,G
326,T
327,C
328,T
329,C
330,C
331,G
332,C
333,G
334,G
335,G
336,G
337,T
338,T
339,G
340,T
341,C
342,C
343,G
344,C
345,C
346,G
347,C
348,C
349,C
350,C
351,T
352,T
353,C
354,C
355,C
356,C
357,G
358,G
359,A
360,G
361,T
362,G
363,G
364,G
365,G
366,G
367,G
368,T
369,T
370,G
371,G
372,C
373,C
374,G
375,G
376,A
377,G
378,C
379,C
380,G
381,A
382,T
383,C
384,G
385,G
386,C
387,T
388,C
389,G
390,C
391,T
392,G
393,G
394,C
395,C
396,G
397,G
398,C
399,C
400,G
401,G
402,C
403,C
404,G
405,G
406,C
407,C
408,T
409,C
410,C
411,G
412,C
413,T
414,C
415,C
416,C
417,G
418,G
419,G
420,G
421,G
422,G
423,C
424,T
425,C
426,T
427,T
428,C
429,G
430,T
431,G
432,A
433,T
434,C
435,G
436,A
437,T
438,G
439,T
440,G
441,G
442,T
443,G
444,A
445,C
446,G
447,T
448,C
449,G
450,T
451,G
452,C
453,T
454,C
455,T
456,C
457,C
458,C
459,G
460,G
461,G
462,C
463,C
464,G
465,G
466,G
467,T
468,C
469,C
470,G
471,A
472,G
473,C
474,C
475,G
476,C
477,G
478,A
479,C
480,G
481,G
482,G
483,C
484,G
485,A
486,G
487,G
488,G
489,G
490,C
491,G
492,G
493,A
494,C
495,G
496,T
497,T
498,C
499,G
500,T
501,G
502,G
503,C
504,G
505,A
506,A
507,C
508,G
509,G
510,G
511,A
512,C
513,C
514,G
515,T
516,C
517,C
518,T
519,T
520,C
521,T
522,C
523,G
524,C
525,T
526,C
527,C
528,G
529,C
530,C
531,C
532,C
533,G
534,C
535,G
536,G
537,G
538,G
539,G
540,T
541,C
542,C
543,C
544,C
545,T
546,C
547,G
548,T
549,C
550,T
551,C
552,T
553,C
554,C
555,T
556,C
557,T
558,C
559,C
560,C
561,C
562,G
563,C
564,C
565,C
566,G
567,C
568,C
569,G
570,G
571,C
572,G
573,G
574,T
575,G
576,C
577,G
578,T
579,G
580,T
581,G
582,G
583,G
584,A
585,A
586,G
587,G
588,C
589,G
590,T
591,G
592,G
593,G
594,G
595,T
596,G
597,C
598,G
599,G
600,A
601,C
602,C
603,C
604,C
605,G
606,G
607,C
608,C
609,C
610,G
611,A
612,C
613,C
614,T
615,C
616,G
617,C
618,C
619,G
620,T
621,C
622,C
623,C
624,G
625,C
626,C
627,C
628,G
629,C
630,C
631,G
632,C
633,C
634,T
635,T
636,C
637,T
638,G
639,C
640,G
641,T
642,C
643,G
644,C
645,G
646,G
647,G
648,T
649,G
650,C
651,G
652,G
653,G
654,C
655,C
656,G
657,G
658,C
659,G
660,G
661,G
662,G
663,T
664,C
665,C
666,T
667,C
668,T
669,G
670,A
671,C
672,G
673,C
674,G
675,G
676,C
677,A
678,G
679,A
680,C
681,A
682,G
683,C
684,C
685,C
686,T
687,C
688,G
689,C
690,T
691,G
692,T
693,C
694,G
695,C
696,C
697,T
698,C
699,C
700,A
701,G
702,T
703,G
704,G
705,T
706,T
707,G
708,T
709,C
710,G
711,A
712,C
713,T
714,T
715,G
716,C
717,G
718,G
719,G
720,C
721,G
722,G
723,C
724,C
725,C
726,C
727,C
728,C
729,T
730,C
731,C
732,G
733,C
734,G
735,G
736,C
737,G
738,G
739,T
740,G
741,G
742,G
743,G
744,G
745,T
746,G
747,C
748,C
749,G
750,T
751,C
752,C
753,C
754,G
755,C
756,C
757,G
758,G
759,C
760,C
761,C
762,G
763,T
764,C
765,G
766,T
767,G
768,C
769,T
770,G
771,C
772,C
773,C
774,T
775,C
776,T
777,C
778,G
779,G
780,G
781,G
782,G
783,G
784,G
785,G
786,T
787,T
788,T
789,G
790,C
791,G
792,C
793,G
794,A
795,G
796,C
797,G
798,T
799,C
800,G
801,G
802,C
803,T
804,C
805,C
806,G
807,C
808,C
809,T
810,G
811,G
812,G
813,C
814,C
815,C
816,T
817,T
818,G
819,C
820,G
821,G
822,T
823,G
824,C
825,T
826,C
827,C
828,T
829,G
830,G
831,A
832,G
833,C
834,G
835,C
836,T
837,C
838,C
839,G
840,G
841,G
842,T
843,T
844,G
845,T
846,C
847,C
848,C
849,T
850,C
851,A
852,G
853,G
854,T
855,G
856,C
857,C
858,C
859,G
860,A
861,G
862,G
863,C
864,C
865,G
866,A
867,A
868,C
869,G
870,G
871,T
872,G
873,G
874,T
875,G
876,T
877,G
878,T
879,C
880,G
881,T
882,T
883,C
884,C
885,C
886,G
887,C
888,C
889,C
890,C
891,C
892,G
893,G
894,C
895,G
896,C
897,C
898,C
899,C
900,C
901,T
902,C
903,C
904,T
905,C
906,C
907,G
908,G
909,T
910,C
911,G
912,C
913,C
914,G
915,C
916,C
917,G
918,C
919,G
920,G
921,T
922,G
923,T
924,C
925,C
926,G
927,C
928,G
929,C
930,G
931,T
932,G
933,G
934,G
935,T
936,C
937,C
938,T
939,G
940,A
941,G
942,G
943,G
944,A
945,G
946,C
947,T
948,C
949,G
950,T
951,C
952,G
953,G
954,T
955,G
956,T
957,G
958,G
959,G
960,G
961,T
962,T
963,C
964,G
965,A
966,G
967,G
968,C
969,G
970,G
971,T
972,T
973,T
974,G
975,A
976,G
977,T
978,G
979,A
980,G
981,A
982,C
983,G
984,A
985,G
986,A
987,C
988,G
989,A
990,G
991,A
992,C
993,G
994,C
995,G
996,C
997,C
998,C
999,C
1000,T
1001,C
1002,C
1003,C
1004,A
1005,C
1006,G
1007,C
1008,G
1009,G
1010,G
1011,G
1012,A
1013,A
1014,G
1015,G
1016,G
1017,C
1018,G
1019,C
1020,C
1021,C
1022,G
1023,C
1024,C
1025,T
1026,G
1027,C
1028,T
1029,C
1030,T
1031,C
1032,G
1033,G
1034,T
1035,G
1036,A
1037,G
1038,C
1039,G
1040,C
1041,A
1042,C
1043,G
1044,T
1045,C
1046,C
1047,C
1048,G
1049,T
1050,G
1051,C
1052,T
1053,C
1054,C
1055,C
1056,C
1057,T
1058,C
1059,T
1060,G
1061,G
1062,C
1063,G
1064,G
1065,G
1066,T
1067,G
1068,C
1069,G
1070,C
1071,G
1072,C
1073,G
1074,G
1075,G
1076,C
1077,C
1078,G
1079,T
1080,G
1081,T
1082,G
1083,A
1084,G
1085,C
1086,G
1087,A
1088,T
1089,C
1090,G
1091,C
1092,G
1093,G
1094,T
1095,G
1096,G
1097,G
1098,T
1099,T
1100,C
1101,G
1102,G
1103,G
1104,C
1105,C
1106,G
1107,G
1108,T
1109,G
1110,T
1111,G
1112,A
1113,C
1114,G
1115,C
1116,G
1117,T
1118,G
1119,C
1120,G
1121,C
1122,C
1123,G
1124,G
1125,C
1126,C
1127,G
1128,G
1129,C
1130,C
1131,G
1132,C
1133,C
1134,G
1135,A
1136,G
1137,G
1138,G
1139,G
1140,C
1141,T
1142,G
1143,C
1144,C
1145,G
1146,T
1147,T
1148,C
1149,T
1150,G
1151,C
1152,C
1153,T
1154,C
1155,C
1156,G
1157,A
1158,C
1159,C
1160,G
1161,G
1162,T
1163,C
1164,G
1165,T
1166,G
1167,T
1168,G
1169,T
1170,G
1171,G
1172,G
1173,T
1174,T
1175,G
1176,A
1177,C
1178,T
1179,T
1180,C
1181,G
1182,G
1183,A
1184,G
1185,G
1186,C
1187,G
1188,C
1189,T
1190,C
1191,T
1192,G
1193,C
1194,C
1195,T
1196,C
1197,G
1198,G
1199,A
1200,A
1201,G
1202,G
1203,A
1204,A
1205,G
1206,G
1207,A
1208,G
1209,G
1210,T
1211,G
1212,G
1213,G
1214,T
1215,G
1216,G
1217,A
1218,C
1219,G
1220,G
1221,G
1222,G
1223,G
1224,G
1225,G
1226,C
1227,C
1228,T
1229,G
1230,G
1231,T
1232,G
1233,G
1234,G
1235,G
1236,T
1237,T
1238,G
1239,C
1240,G
1241,C
1242,G
1243,C
1244,A
1245,C
1246,G
1247,C
1248,G
1249,C
1250,G
1251,C
1252,A
1253,C
1254,C
1255,G
1256,G
1257,C
1258,C
1259,G
1260,G
1261,G
1262,C
1263,C
1264,C
1265,C
1266,C
1267,G
1268,C
1269,C
1270,C
1271,T
1272,G
1273,A
1274,A
1275,C
1276,G
1277,C
1278,G
1279,A
1280,A
1281,C
1282,G
1283,C
1284,T
1285,C
1286,G
1287,A
1288,G
1289,G
1290,T
1291,G
1292,G
1293,C
1294,C
1295,G
1296,C
1297,G
1298,C
1299,G
1300,C
1301,A
1302,G
1303,G
1304,T
1305,G
1306,T
1307,T
1308,T
1309,C
1310,C
1311,T
1312,C
1313,G
1314,T
1315,A
1316,C
1317,C
1318,G
1319,C
1320,A
1321,G
1322,G
1323,G
1324,C
1325,C
1326,C
1327,C
1328,C
1329,T
1330,C
1331,C
1332,C
1333,T
1334,T
1335,C
1336,C
1337,C
1338,C
1339,A
1340,G
1341,G
1342,C
1343,G
1344,T
1345,C
1346,C
1347,C
1348,T
1349,C
1350,G
1351,G
1352,C
1353,G
1354,C
1355,C
1356,T
1357,C
1358,T
1359,G
1360,C
1361,G
1362,G
1363,G
1364,C
1365,C
1366,C
1367,G
1368,A
1369,G
1370,G
1371,A
1372,G
1373,G
1374,A
1375,G
1376,C
1377,G
1378,G
1379,C
1380,T
1381,G
1382,G
1383,C
1384,G
1385,G
1386,G
1387,T
1388,G
1389,G
1390,G
1391,G
1392,G
1393,G
1394,A
1395,G
1396,T
1397,G
1398,T
1399,G
1400,A
1401,C
1402,C
1403,C
1404,A
1405,C
1406,C
1407,C
1408,T
1409,C
1410,G
1411,G
1412,T
1413,G
1414,A
1415,G
1416,A
1417,A
1418,A
1419,A
1420,G
1421,C
1422,C
1423,T
1424,T
1425,C
1426,T
1427,C
1428,T
1429,A
1430,G
1431,C
1432,G
1433,A
1434,T
1435,C
1436,T
1437,G
1438,A
1439,G
1440,A
1441,G
1442,G
1443,C
1444,G
1445,T
1446,G
1447,C
1448,C
1449,T
1450,T
1451,G
1452,G
1453,G
1454,G
1455,G
1456,T
1457,A
1458,C
1459,C
1460,G
1461,G
1462,A
1463,T
1464,C
1465,C
1466,C
1467,C
1468,C
1469,G
1470,G
1471,G
1472,C
1473,C
1474,G
1475,C
1476,C
1477,G
1478,C
1479,C
1480,T
1481,C
1482,T
1483,G
1484,T
1485,C
1486,T
1487,C
1488,T
1489,G
1490,C
1491,C
1492,T
1493,C
1494,C
1495,G
1496,T
1497,T
1498,A
1499,T
1500,G
1501,G
1502,T
1503,A
1504,G
1505,C
1506,G
1507,C
1508,T
1509,G
1510,C
1511,C
1512,G
1513,T
1514,A
1515,G
1516,C
1517,G
1518,A
1519,C
1520,C
1521,C
1522,G
1523,C
1524,T
1525,C
1526,G
1527,C
1528,A
1529,G
1530,A
1531,G
1532,G
1533,A
1534,C
1535,C
1536,C
1537,T
1538,C
1539,C
1540,T
1541,C
1542,C
1543,G
1544,C
1545,T
1546,T
1547,C
1548,C
1549,C
1550,C
1551,C
1552,T
1553,C
1554,G
1555,A
1556,C
1557,G
1558,G
1559,G
1560,G
1561,T
1562,T
1563,G
1564,G
1565,G
1566,G
1567,G
1568,G
1569,G
1570,A
1571,G
1572,A
1573,A
1574,G
1575,C
1576,G
1577,A
1578,G
1579,G
1580,G
1581,T
1582,T
1583,C
1584,C
1585,G
1586,C
1587,C
1588,G
1589,G
1590,C
1591,C
1592,A
1593,C
1594,C
1595,G
1596,C
1597,G
1598,G
1599,T
1600,G
1601,G
1602,T
1603,G
1604,G
1605,C
1606,C
1607,G
1608,A
1609,G
1610,T
1611,G
1612,C
1613,G
1614,G
1615,C
1616,T
1617,C
1618,G
1619,T
1620,C
1621,G
1622,C
1623,C
1624,T
1625,A
1626,C
1627,T
1628,G
1629,T
1630,G
1631,G
1632,C
1633,C
1634,C
1635,G
1636,C
1637,G
1638,C
1639,C
1640,T
1641,C
1642,C
1643,C
1644,C
1645,C
1646,T
1647,T
1648,C
1649,C
1650,G
1651,A
1652,G
1653,T
1654,C
1655,G
1656,G
1657,G
1658,G
1659,G
1660,A
1661,G
1662,G
1663,A
1664,T
1665,C
1666,C
1667,C
1668,G
1669,C
1670,C
1671,G
1672,G
1673,G
1674,C
1675,C
1676,G
1677,G
1678,G
1679,C
1680,C
1681,C
1682,G
1683,G
1684,C
1685,G
1686,T
1687,C
1688,C
1689,C
1690,A
1691,G
1692,C
1693,G
1694,G
1695,G
1696,T
1697,T
1698,G
1699,G
1700,G
1701,A
1702,C
1703,G
1704,C
1705,G
1706,G
1707,C
1708,G
1709,G
1710,C
1711,C
1712,G
1713,G
1714,C
1715,G
1716,G
1717,G
1718,C
1719,G
1720,G
1721,T
1722,G
1723,G
1724,G
1725,T
1726,G
1727,T
1728,G
1729,C
1730,G
1731,C
1732,G
1733,C
1734,C
1735,C
1736,G
1737,G
1738,C
1739,G
1740,C
1741,T
1742,C
1743,T
1744,G
1745,T
1746,C
1747,C
1748,G
1749,G
1750,C
1751,G
1752,C
1753,G
1754,T
1755,G
1756,A
1757,C
1758,C
1759,C
1760,C
1761,C
1762,T
1763,C
1764,C
1765,G
1766,C
1767,C
1768,G
1769,C
1770,G
1771,A
1772,G
1773,T
1774,C
1775,G
1776,G
1777,C
1778,T
1779,C
1780,T
1781,C
1782,C
1783,G
1784,C
1785,C
1786,C
1787,G
1788,C
1789,T
1790,C
1791,C
1792,C
1793,G
1794,T
1795,G
1796,C
1797,C
1798,G
1799,A
1800,G
1801,T
1802,C
1803,G
1804,T
1805,G
1806,A
1807,C
1808,C
1809,G
1810,G
1811,T
1812,G
1813,C
1814,C
1815,G
1816,A
1817,C
1818,G
1819,A
1820,C
1821,C
1822,G
1823,C
1824,G
1825,T
1826,T
1827,T
1828,G
1829,C
1830,G
1831,T
1832,G
1833,G
1834,C
1835,A
1836,C
1837,G
1838,G
1839,G
1840,G
1841,T
1842,C
1843,G
1844,G
1845,G
1846,C
1847,C
1848,C
1849,G
1850,C
1851,C
1852,T
1853,G
1854,G
1855,C
1856,C
1857,C
1858,T
1859,G
1860,G
1861,G
1862,A
1863,A
1864,A
1865,G
1866,C
1867,G
1868,T
1869,C
1870,C
1871,C
1872,A
1873,C
1874,G
1875,G
1876,T
1877,G
1878,G
1879,G
1880,G
1881,G
1882,C
1883,G
1884,C
1885,G
1886,C
1887,C
1888,G
1889,G
1890,T
1891,C
1892,T
1893,C
1894,C
1895,C
1896,G
1897,G
1898,A
1899,G
1900,C
1901,G
1902,G
1903,G
1904,A
1905,C
1906,C
1907,G
1908,G
1909,G
1910,T
1911,C
1912,G
1913,G
1914,A
1915,G
1916,G
1917,A
1918,T
1919,G
1920,G
1921,A
1922,C
1923,G
1924,A
1925,G
1926,A
1927,A
1928,T
1929,C
1930,A
1931,C
1932,G
1933,A
1934,G
1935,C
1936,G
1937,A
1938,C
1939,G
1940,G
1941,T
1942,G
1943,G
1944,T
1945,G
1946,G
1947,T
1948,G
1949,G
1950,C
1951,G
1952,T
1953,G
1954,T
1955,C
1956,G
1957,G
1958,G
1959,T
1960,T
1961,C
1962,G
1963,T
1964,G
1965,G
1966,C
1967,T
1968,G
1969,C
1970,G
1971,G
1972,T
1973,C
1974,G
1975,C
1976,T
1977,C
1978,C
1979,G
1980,G
1981,G
1982,G
1983,C
1984,C
1985,C
1986,C
1987,C
1988,G
1989,G
1990,T
1991,G
1992,G
1993,C
1994,G
1995,G
1996,G
1997,G
1998,C
1999,C
2000,C
2001,C
2002,G
2003,G
2004,G
2005,G
2006,C
2007,T
2008,C
2009,G
2010,C
2011,G
2012,A
2013,G
2014,G
2015,C
2016,G
2017,G
2018,T
2019,T
2020,C
2021,T
2022,C
2023,G
2024,G
2025,T
2026,G
2027,G
2028,G
2029,G
2030,G
2031,C
2032,C
2033,G
2034,A
2035,G
2036,G
2037,G
2038,C
2039,C
2040,G
2041,T
2042,C
2043,C
2044,G
2045,G
2046,C
2047,G
2048,T
2049,C
2050,C
2051,C
2052,A
2053,G
2054,G
2055,C
2056,G
2057,G
2058,G
2059,G
2060,C
2061,G
2062,C
2063,C
2064,G
2065,C
2066,G
2067,G
2068,G
2069,A
2070,C
2071,C
2072,G
2073,C
2074,C
2075,C
2076,T
2077,C
2078,G
2079,T
2080,G
2081,T
2082,C
2083,T
2084,G
2085,T
2086,G
2087,G
2088,C
2089,G
2090,G
2091,T
2092,G
2093,G
2094,G
2095,A
2096,T
2097,C
2098,C
2099,C
2100,G
2101,C
2102,G
2103,G
2104,C
2105,C
2106,G
2107,T
2108,G
2109,T
2110,T
2111,T
2112,T
2113,C
2114,C
2115,T
2116,G
2117,G
2118,T
2119,G
2120,G
2121,C
2122,C
2123,C
2124,G
2125,G
2126,C
2127,C
2128,G
2129,T
2130,G
2131,C
2132,C
2133,T
2134,G
2135,A
2136,G
2137,G
2138,T
2139,T
2140,T
2141,C
2142,T
2143,C
2144,C
2145,C
2146,C
2147,G
2148,A
2149,G
2150,C
2151,C
2152,G
2153,C
2154,C
2155,G
2156,C
2157,C
2158,T
2159,C
2160,T
2161,G
2162,C
2163,G
2164,G
2165,G
2166,C
2167,T
2168,C
2169,C
2170,C
2171,G
2172,G
2173,G
2174,T
2175,G
2176,C
2177,C
2178,C
2179,T
2180,T
2181,G
2182,C
2183,C
2184,C
2185,T
2186,C
2187,G
2188,C
2189,G
2190,G
2191,T
2192,C
2193,C
2194,C
2195,C
2196,G
2197,G
2198,C
2199,C
2200,C
2201,T
2202,C
2203,G
2204,C
2205,C
2206,C
2207,G
2208,T
2209,C
2210,T
2211,G
2212,T
2213,G
2214,C
2215,C
2216,C
2217,T
2218,C
2219,T
2220,T
2221,C
2222,C
2223,C
2224,C
2225,G
2226,C
2227,C
2228,C
2229,G
2230,C
2231,C
2232,G
2233,C
2234,C
2235,C
2236,G
2237,C
2238,C
2239,G
2240,A
2241,T
2242,C
2243,C
2244,T
2245,C
2246,T
2247,T
2248,C
2249,T
2250,T
2251,C
2252,C
2253,C
2254,C
2255,C
2256,C
2257,G
2258,A
2259,G
2260,C
2261,G
2262,G
2263,C
2264,T
2265,C
2266,A
2267,C
2268,C
2269,G
2270,G
2271,C
2272,T
2273,T
2274,C
2275,A
2276,C
2277,G
2278,T
2279,C
2280,C
2281,G
2282,T
2283,T
2284,G
2285,G
2286,T
2287,G
2288,G
2289,C
2290,C
2291,C
2292,C
2293,G
2294,C
2295,C
2296,T
2297,G
2298,G
2299,G
2300,A
2301,C
2302,C
2303,G
2304,A
2305,A
2306,C
2307,C
2308,C
2309,G
2310,G
2311,C
2312,A
2313,C
2314,C
2315,G
2316,C
2317,C
2318,T
2319,C
2320,G
2321,T
2322,G
2323,G
2324,G
2325,G
2326,C
2327,G
2328,C
2329,C
2330,G
2331,C
2332,C
2333,G
2334,C
2335,C
2336,G
2337,G
2338,C
2339,C
2340,A
2341,C
2342,T
2343,G
2344,A
2345,T
2346,C
2347,G
2348,G
2349,C
2350,C
2351,C
2352,G
2353,G
2354,C
2355,G
2356,T
2357,C
2358,C
2359,G
2360,C
2361,G
2362,T
2363,C
2364,C
2365,C
2366,C
2367,C
2368,G
2369,G
2370,C
2371,G
2372,C
2373,G
2374,C
2375,G
2376,C
2377,C
2378,T
2379,T
2380,G
2381,G
2382,G
2383,G
2384,A
2385,C
2386,C
2387,G
2388,G
2389,G
2390,T
2391,C
2392,G
2393,G
2394,T
2395,G
2396,G
2397,C
2398,G
2399,C
2400,C
2401,C
2402,C
2403,G
2404,C
2405,G
2406,T
2407,G
2408,G
2409,G
2410,G
2411,C
2412,C
2413,C
2414,G
2415,G
2416,T
2417,G
2418,G
2419,G
2420,C
2421,T
2422,T
2423,C
2424,C
2425,C
2426,G
2427,G
2428,A
2429,G
2430,G
2431,G
2432,T
2433,T
2434,C
2435,C
2436,G
2437,G
2438,G
2439,G
2440,G
2441,T
2442,C
2443,G
2444,G
2445,C
2446,C
2447,T
2448,G
2449,C
2450,G
2451,G
2452,C
2453,G
2454,C
2455,G
2456,T
2457,G
2458,C
2459,G
2460,G
2461,G
2462,G
2463,G
2464,A
2465,G
2466,G
2467,A
2468,G
2469,A
2470,C
2471,G
2472,G
2473,T
2474,T
2475,C
2476,C
2477,G
2478,G
2479,G
2480,G
2481,G
2482,A
2483,C
2484,C
2485,G
2486,G
2487,C
2488,C
2489,G
2490,C
2491,G
2492,A
2493,C
2494,T
2495,G
2496,C
2497,G
2498,G
2499,C
2500,G
2501,G
2502,C
2503,G
2504,G
2505,C
2506,G
2507,G
2508,T
2509,G
2510,G
2511,T
2512,G
2513,G
2514,G
2515,G
2516,G
2517,G
2518,A
2519,G
2520,C
2521,C
2522,G
2523,C
2524,G
2525,G
2526,G
2527,G
2528,A
2529,T
2530,C
2531,G
2532,C
2533,C
2534,G
2535,A
2536,G
2537,G
2538,G
2539,C
2540,C
2541,G
2542,G
2543,T
2544,C
2545,G
2546,G
2547,C
2548,C
2549,G
2550,C
2551,C
2552,C
2553,C
2554,G
2555,G
2556,G
2557,T
2558,G
2559,C
2560,C
2561,G
2562,C
2563,G
2564,C
2565,G
2566,G
2567,T
2568,G
2569,C
2570,C
2571,G
2572,C
2573,C
2574,G
2575,G
2576,C
2577,G
2578,G
2579,C
2580,G
2581,G
2582,T
2583,G
2584,A
2585,G
2586,G
2587,C
2588,C
2589,C
2590,C
2591,G
2592,C
2593,G
2594,C
2595,G
2596,T
2597,G
2598,T
2599,G
2600,T
2601,C
2602,C
2603,C
2604,G
2605,G
2606,C
2607,T
2608,G
2609,C
2610,G
2611,G
2612,T
2613,C
2614,G
2615,G
2616,C
2617,C
2618,G
2619,C
2620,G
2621,C
2622,T
2623,C
2624,G
2625,A
2626,G
2627,G
2628,G
2629,G
2630,T
2631,C
2632,C
2633,C
2634,C
2635,G
2636,T
2637,G
2638,G
2639,C
2640,G
2641,T
2642,C
2643,C
2644,C
2645,C
2646,T
2647,T
2648,C
2649,C
2650,C
2651,C
2652,G
2653,C
2654,C
2655,G
2656,G
2657,C
2658,C
2659,G
2660,C
2661,C
2662,T
2663,T
2664,T
2665,C
2666,T
2667,C
2668,G
2669,C
2670,G
2671,C
2672,C
2673,T
2674,T
2675,C
2676,C
2677,C
2678,C
2679,G
2680,T
2681,C
2682,G
2683,C
2684,C
2685,C
2686,C
2687,G
2688,G
2689,C
2690,C
2691,T
2692,C
2693,G
2694,C
2695,C
2696,C
2697,G
2698,T
2699,G
2700,G
2701,T
2702,C
2703,T
2704,C
2705,T
2706,C
2707,G
2708,T
2709,C
2710,T
2711,T
2712,C
2713,T
2714,C
2715,C
2716,C
2717,G
2718,G
2719,C
2720,C
2721,C
2722,G
2723,C
2724,T
2725,C
2726,T
2727,T
2728,C
2729,C
2730,G
2731,A
2732,A
2733,C
2734,C
2735,G
2736,G
2737,G
2738,T
2739,C
2740,G
2741,G
2742,C
2743,G
2744,C
2745,G
2746,T
2747,C
2748,C
2749,C
2750,C
2751,C
2752,G
2753,G
2754,G
2755,T
2756,G
2757,C
2758,G
2759,C
2760,C
2761,T
2762,C
2763,G
2764,C
2765,T
2766,T
2767,C
2768,C
2769,C
2770,G
2771,G
2772,G
2773,C
2774,C
2775,T
2776,G
2777,C
2778,C
2779,G
2780,C
2781,G
2782,G
2783,C
2784,C
2785,C
2786,T
2787,T
2788,C
2789,C
2790,C
2791,C
2792,G
2793,A
2794,G
2795,G
2796,C
2797,G
2798,T
2799,C
2800,C
2801,G
2802,T
2803,C
2804,C
2805,C
2806,G
2807,G
2808,G
2809,C
2810,G
2811,T
2812,C
2813,G
2814,G
2815,C
2816,G
2817,T
2818,C
2819,G
2820,G
2821,G
2822,G
2823,A
2824,G
2825,A
2826,G
2827,C
2828,C
2829,C
2830,G
2831,T
2832,C
2833,C
2834,T
2835,C
2836,C
2837,C
2838,C
2839,G
2840,C
2841,G
2842,T
2843,G
2844,G
2845,C
2846,G
2847,T
2848,C
2849,G
2850,C
2851,C
2852,C
2853,C
2854,G
2855,T
2856,T
2857,C
2858,G
2859,G
2860,C
2861,G
2862,C
2863,G
2864,C
2865,G
2866,C
2867,G
2868,T
2869,G
2870,C
2871,G
2872,C
2873,C
2874,C
2875,G
2876,A
2877,G
2878,C
2879,G
2880,C
2881,G
2882,G
2883,C
2884,C
2885,C
2886,G
2887,G
2888,T
2889,G
2890,G
2891,T
2892,C
2893,C
2894,C
2895,T
2896,C
2897,C
2898,C
2899,G
2900,G
2901,A
2902,C
2903,A
2904,G
2905,G
2906,C
2907,G
2908,T
2909,T
2910,C
2911,G
2912,T
2913,G
2914,C
2915,G
2916,A
2917,C
2918,G
2919,T
2920,G
2921,T
2922,G
2923,G
2924,C
2925,G
2926,T
2927,G
2928,G
2929,G
2930,T
2931,C
2932,G
2933,A
2934,C
2935,C
2936,T
2937,C
2938,C
2939,G
2940,C
2941,C
2942,T
2943,T
2944,G
2945,C
2946,C
2947,G
2948,G
2949,T
2950,C
2951,G
2952,C
2953,T
2954,C
2955,G
2956,C
2957,C
2958,C
2959,T
2960,C
2961,T
2962,C
2963,C
2964,C
2965,C
2966,G
2967,G
2968,G
2969,T
2970,C
2971,G
2972,G
2973,G
2974,G
2975,G
2976,G
2977,T
2978,G
2979,G
2980,G
2981,G
2982,C
2983,C
2984,C
2985,G
2986,G
2987,G
2988,C
2989,C
2990,G
2991,G
2992,G
2993,G
2994,C
2995,C
2996,T
2997,C
2998,G
2999,G
3000,C
3001,C
3002,C
3003,C
3004,G
3005,G
3006,T
3007,C
3008,G
3009,C
3010,G
3011,G
3012,T
3013,C
3014,C
3015,C
3016,C
3017,C
3018,G
3019,T
3020,C
3021,C
3022,C
3023,G
3024,G
3025,G
3026,C
3027,G
3028,G
3029,G
3030,G
3031,G
3032,C
3033,G
3034,G
3035,G
3036,C
3037,G
3038,C
3039,G
3040,C
3041,C
3042,G
3043,G
3044,C
3045,C
3046,G
3047,G
3048,C
3049,C
3050,T
3051,C
3052,G
3053,G
3054,T
3055,C
3056,G
3057,C
3058,C
3059,C
3060,T
3061,C
3062,C
3063,C
3064,T
3065,T
3066,G
3067,G
3068,C
3069,C
3070,G
3071,T
3072,C
3073,G
3074,T
3075,G
3076,T
3077,G
3078,G
3079,C
3080,G
3081,T
3082,G
3083,T
3084,G
3085,C
3086,C
3087,A
3088,C
3089,C
3090,C
3091,C
3092,T
3093,G
3094,C
3095,G
3096,C
3097,C
3098,C
3099,G
3100,C
3101,G
3102,C
3103,C
3104,C
3105,G
3106,C
3107,C
3108,G
3109,G
3110,C
3111,G
3112,G
3113,G
3114,G
3115,C
3116,T
3117,C
3118,G
3119,G
3120,A
3121,G
3122,C
3123,C
3124,G
3125,G
3126,G
3127,C
3128,T
3129,T
3130,C
3131,G
3132,G
3133,C
3134,C
3135,G
3136,G
3137,G
3138,C
3139,C
3140,C
3141,C
3142,G
3143,G
3144,G
3145,C
3146,C
3147,C
3148,T
3149,C
3150,G
3151,A
3152,C
3153,C
3154,G
3155,G
3156,A
3157,C
3158,C
3159,G
3160,G
3161,T
3162,G
3163,C
3164,G
3165,C
3166,G
3167,G
3168,G
3169,C
3170,G
3171,C
3172,T
3173,G
3174,C
3175,G
3176,G
3177,C
3178,C
3179,G
3180,C
3181,A
3182,C
3183,G
3184,G
3185,C
3186,G
3187,C
3188,G
3189,A
3190,C
3191,T
3192,G
3193,T
3194,C
3195,C
3196,C
3197,C
3198,G
3199,G
3200,G
3201,C
3202,C
3203,G
3204,G
3205,G
3206,C
3207,A
3208,C
3209,C
3210,G
3211,C
3212,G
3213,G
3214,T
3215,C
3216,C
3217,G
3218,C
3219,C
3220,T
3221,C
3222,T
3223,C
3224,G
3225,C
3226,T
3227,C
3228,G
3229,C
3230,C
3231,G
3232,C
3233,C
3234,C
3235,G
3236,G
3237,A
3238,C
3239,G
3240,T
3241,C
3242,G
3243,G
3244,G
3245,G
3246,C
3247,C
3248,G
3249,C
3250,C
3251,C
3252,C
3253,G
3254,C
3255,G
3256,G
3257,G
3258,G
3259,C
3260,G
3261,G
3262,G
3263,C
3264,G
3265,G
3266,A
3267,G
3268,C
3269,G
3270,C
3271,C
3272,G
3273,T
3274,C
3275,C
3276,C
3277,C
3278,G
3279,C
3280,C
3281,T
3282,C
3283,G
3284,C
3285,C
3286,G
3287,C
3288,C
3289,G
3290,C
3291,C
3292,C
3293,G
3294,C
3295,G
3296,G
3297,G
3298,C
3299,G
3300,C
3301,C
3302,G
3303,G
3304,C
3305,C
3306,G
3307,C
3308,G
3309,C
3310,G
3311,C
3312,G
3313,C
3314,G
3315,C
3316,G
3317,C
3318,G
3319,C
3320,G
3321,T
3322,G
3323,G
3324,C
3325,C
3326,G
3327,C
3328,C
3329,G
3330,G
3331,T
3332,C
3333,C
3334,C
3335,T
3336,C
3337,C
3338,C
3339,G
3340,G
3341,C
3342,C
3343,G
3344,C
3345,C
3346,G
3347,G
3348,G
3349,C
3350,G
3351,C
3352,G
3353,G
3354,G
3355,T
3356,C
3357,G
3358,G
3359,G
3360,C
3361,C
3362,G
3363,T
3364,C
3365,C
3366,G
3367,C
3368,C
3369,T
3370,C
3371,C
3372,T
3373,C
3374,G
3375,C
3376,G
3377,G
3378,G
3379,C
3380,G
3381,G
3382,G
3383,C
3384,G
3385,C
3386,G
3387,A
3388,C
3389,G
3390,A
3391,A
3392,G
3393,A
3394,A
3395,G
3396,C
3397,G
3398,T
3399,C
3400,G
3401,C
3402,G
3403,G
3404,G
3405,T
3406,C
3407,T
3408,G
3409,T
3410,G
3411,G
3412,C
3413,G
3414,C
3415,G
3416,G
3417,G
3418,G
3419,C
3420,C
3421,C
3422,C
3423,G
3424,G
3425,T
3426,G
3427,G
3428,T
3429,C
3430,G
3431,T
3432,G
3433,T
3434,C
3435,G
3436,C
3437,G
3438,T
3439,G
3440,G
3441,G
3442,G
3443,G
3444,G
3445,C
3446,G
3447,G
3448,G
3449,T
3450,G
3451,G
3452,T
3453,T
3454,G
3455,G
3456,G
3457,G
3458,C
3459,G
3460,T
3461,C
3462,C
3463,G
3464,G
3465,T
3466,T
3467,C
3468,G
3469,C
3470,C
3471,G
3472,C
3473,G
3474,C
3475,C
3476,C
3477,C
3478,G
3479,C
3480,C
3481,C
3482,C
3483,G
3484,G
3485,C
3486,C
3487,C
3488,C
3489,A
3490,C
3491,C
3492,G
3493,G
3494,T
3495,C
3496,C
3497,C
3498,G
3499,G
3500,C
3501,C
3502,G
3503,C
3504,C
3505,G
3506,C
3507,C
3508,C
3509,C
3510,C
3511,G
3512,C
3513,G
3514,C
3515,C
3516,C
3517,G
3518,C
3519,T
3520,C
3521,G
3522,C
3523,T
3524,C
3525,C
3526,C
3527,T
3528,C
3529,C
3530,C
3531,G
3532,T
3533,C
3534,C
3535,G
3536,C
3537,C
3538,C
3539,G
3540,T
3541,C
3542,C
3543,G
3544,C
3545,G
3546,G
3547,C
3548,C
3549,C
3550,G
3551,T
3552,C
3553,C
3554,G
3555,T
3556,C
3557,C
3558,G
3559,T
3560,C
3561,C
3562,G
3563,T
3564,C
3565,C
3566,G
3567,T
3568,C
3569,G
3570,T
3571,C
3572,C
3573,T
3574,C
3575,C
3576,T
3577,C
3578,G
3579,C
3580,T
3581,T
3582,G
3583,C
3584,G
3585,G
3586,G
3587,G
3588,C
3589,G
3590,C
3591,C
3592,G
3593,G
3594,G
3595,C
3596,C
3597,C
3598,G
3599,T
3600,C
3601,C
3602,T
3603,C
3604,G
3605,C
3606,G
3607,A
3608,G
3609,G
3610,C
3611,C
3612,C
3613,C
3614,C
3615,C
3616,G
3617,G
3618,C
3619,C
3620,G
3621,G
3622,C
3623,C
3624,G
3625,T
3626,C
3627,C
3628,G
3629,G
3630,C
3631,C
3632,G
3633,C
3634,G
3635,T
3636,C
3637,G
3638,G
3639,G
3640,G
3641,C
3642,C
3643,T
3644,C
3645,G
3646,C
3647,C
3648,G
3649,C
3650,G
3651,C
3652,T
3653,C
3654,T
3655,A
3656,C
3657,C
3658,T
3659,T
3660,A
3661,C
3662,C
3663,T
3664,A
3665,C
3666,C
3667,T
3668,G
3669,G
3670,T
3671,T
3672,G
3673,A
3674,T
3675,C
3676,C
3677,T
3678,G
3679,C
3680,C
3681,A
3682,G
3683,T
3684,A
3685,G
3686,C
3687,A
3688,T
3689,A
3690,T
3691,G
3692,C
3693,T
3694,T
3695,G
3696,T
3697,C
3698,T
3699,C
3700,A
3701,A
3702,A
3703,G
3704,A
3705,T
3706,T
3707,A
3708,A
3709,G
3710,C
3711,C
3712,A
3713,T
3714,G
3715,C
3716,A
3717,T
3718,G
3719,T
3720,C
3721,T
3722,A
3723,A
3724,G
3725,T
3726,A
3727,C
3728,G
3729,C
3730,A
3731,C
3732,G
3733,G
3734,C
3735,C
3736,G
3737,G
3738,T
3739,A
3740,C
3741,A
3742,G
3743,T
3744,G
3745,A
3746,A
3747,A
3748,C
3749,T
3750,G
3751,C
3752,G
3753,A
3754,A
3755,T
3756,G
3757,G
3758,C
3759,T
3760,C
3761,A
3762,T
3763,T
3764,A
3765,A
3766,A
3767,T
3768,C
3769,A
3770,G
3771,T
3772,T
3773,A
3774,T
3775,G
3776,G
3777,T
3778,T
3779,C
3780,C
3781,T
3782,T
3783,T
3784,G
3785,G
3786,T
3787,C
3788,G
3789,C
3790,T
3791,C
3792,G
3793,C
3794,T
3795,C
3796,C
3797,T
3798,C
3799,T
3800,C
3801,C
3802,T
3803,A
3804,C
3805,T
3806,T
3807,G
3808,G
3809,A
3810,T
3811,A
3812,A
3813,C
3814,T
3815,G
3816,T
3817,G
3818,G
3819,T
3820,A
3821,A
3822,T
3823,T
3824,C
3825,T
3826,A
3827,G
3828,A
3829,G
3830,C
3831,T
3832,A
3833,A
3834,T
3835,A
3836,C
3837,A
3838,T
3839,G
3840,C
3841,C
3842,G
3843,A
3844,C
3845,G
3846,G
3847,G
3848,C
3849,G
3850,C
3851,T
3852,G
3853,A
3854,C
3855,C
3856,C
3857,C
3858,C
3859,T
3860,T
3861,C
3862,G
3863,C
3864,G
3865,G
3866,G
3867,G
3868,G
3869,G
3870,G
3871,A
3872,T
3873,G
3874,C
3875,G
3876,T
3877,G
3878,C
3879,A
3880,T
3881,T
3882,T
3883,A
3884,T
3885,C
3886,A
3887,G
3888,A
3889,T
3890,C
3891,A
3892,A
3893,A
3894,A
3895,C
3896,C
3897,A
3898,A
3899,C
3900,C
3901,C
3902,G
3903,G
3904,T
3905,C
3906,A
3907,G
3908,C
3909,C
3910,C
3911,C
3912,T
3913,C
3914,T
3915,C
3916,C
3917,G
3918,G
3919,C
3920,C
3921,C
3922,C
3923,G
3924,G
3925,C
3926,C
3927,G
3928,G
3929,G
3930,G
3931,G
3932,G
3933,C
3934,G
3935,G
3936,G
3937,C
3938,G
3939,C
3940,C
3941,G
3942,G
3943,C
3944,G
3945,G
3946,C
3947,T
3948,T
3949,T
3950,G
3951,G
3952,T
3953,G
3954,A
3955,C
3956,T
3957,C
3958,T
3959,A
3960,G
3961,A
3962,T
3963,A
3964,A
3965,C
3966,C
3967,T
3968,C
3969,G
3970,G
3971,G
3972,C
3973,C
3974,G
3975,A
3976,T
3977,C
3978,G
3979,C
3980,A
3981,C
3982,G
3983,C
3984,C
3985,C
3986,C
3987,C
3988,C
3989,G
3990,T
3991,G
3992,G
3993,C
3994,G
3995,G
3996,C
3997,G
3998,A
3999,C
4000,G
4001,A
4002,C
4003,C
4004,C
4005,A
4006,T
4007,T
4008,C
4009,G
4010,A
4011,A
4012,C
4013,G
4014,T
4015,C
4016,T
4017,G
4018,C
4019,C
4020,C
4021,T
4022,A
4023,T
4024,C
4025,A
4026,A
4027,C
4028,T
4029,T
4030,T
4031,C
4032,G
4033,A
4034,T
4035,G
4036,G
4037,T
4038,A
4039,G
4040,T
4041,C
4042,G
4043,C
4044,C
4045,G
4046,T
4047,G
4048,C
4049,C
4050,T
4051,A
4052,C
4053,C
4054,A
4055,T
4056,G
4057,G
4058,T
4059,G
4060,A
4061,C
4062,C
4063,A
4064,C
4065,G
4066,G
4067,G
4068,T
4069,G
4070,A
4071,C
4072,G
4073,G
4074,G
4075,G
4076,A
4077,A
4078,T
4079,C
4080,A
4081,G
4082,G
4083,G
4084,T
4085,T
4086,C
4087,G
4088,A
4089,T
4090,T
4091,C
4092,C
4093,G
4094,G
4095,A
4096,G
4097,A
4098,G
4099,G
4100,G
4101,A
4102,G
4103,C
4104,C
4105,T
4106,G
4107,A
4108,G
4109,A
4110,A
4111,A
4112,C
4113,G
4114,G
4115,C
4116,T
4117,A
4118,C
4119,C
4120,A
4121,C
4122,A
4123,T
4124,C
4125,C
4126,A
4127,A
4128,G
4129,G
4130,A
4131,A
4132,G
4133,G
4134,C
4135,A
4136,G
4137,C
4138,A
4139,G
4140,G
4141,C
4142,G
4143,C
4144,G
4145,C
4146,A
4147,A
4148,A
4149,T
4150,T
4151,A
4152,C
4153,C
4154,C
4155,A
4156,C
4157,T
4158,C
4159,C
4160,C
4161,G
4162,A
4163,C
4164,C
4165,C
4166,G
4167,G
4168,G
4169,G
4170,A
4171,G
4172,G
4173,T
4174,A
4175,G
4176,T
4177,G
4178,A
4179,C
4180,G
4181,A
4182,A
4183,A
4184,A
4185,A
4186,T
4187,A
4188,A
4189,C
4190,A
4191,A
4192,T
4193,A
4194,C
4195,A
4196,G
4197,G
4198,A
4199,C
4200,T
4201,C
4202,T
4203,T
4204,T
4205,C
4206,G
4207,A
4208,G
4209,G
4210,C
4211,C
4212,C
4213,T
4214,G
4215,T
4216,A
4217,A
4218,T
4219,T
4220,G
4221,G
4222,A
4223,A
4224,T
4225,G
4226,A
4227,G
4228,T
4229,C
4230,C
4231,A
4232,C
4233,T
4234,T
4235,T
4236,A
4237,A
4238,A
4239,T
4240,C
4241,C
4242,T
4243,T
4244,T
4245,A
4246,A
4247,C
4248,G
4249,A
4250,G
4251,G
4252,A
4253,T
4254,C
4255,C
4256,A
4257,T
4258,T
4259,G
4260,G
4261,A
4262,G
4263,G
4264,G
4265,C
4266,A
4267,A
4268,G
4269,T
4270,C
4271,T
4272,G
4273,G
4274,T
4275,G
4276,C
4277,C
4278,A
4279,G
4280,C
4281,A
4282,G
4283,C
4284,C
4285,G
4286,C
4287,G
4288,G
4289,T
4290,A
4291,A
4292,T
4293,T
4294,C
4295,C
4296,A
4297,G
4298,C
4299,T
4300,C
4301,C
4302,A
4303,A
4304,T
4305,A
4306,G
4307,C
4308,G
4309,T
4310,A
4311,T
4312,A
4313,T
4314,T
4315,A
4316,A
4317,A
4318,G
4319,T
4320,T
4321,G
4322,C
4323,T
4324,G
4325,C
4326,A
4327,G
4328,T
4329,T
4330,A
4331,A
4332,A
4333,A
4334,A
4335,G
4336,C
4337,T
4338,C
4339,G
4340,T
4341,A
4342,G
4343,T
4344,T
4345,G
4346,G
4347,A
4348,T
4349,C
4350,T
4351,T
4352,G
4353,G
4354,G
4355,A
4356,G
4357,C
4358,G
4359,G
4360,G
4361,C
4362,G
4363,G
4364,G
4365,C
4366,G
4367,G
4368,T
4369,C
4370,C
4371,G
4372,C
4373,C
4374,G
4375,C
4376,G
4377,A
4378,G
4379,G
4380,C
4381,G
4382,A
4383,G
4384,C
4385,C
4386,A
4387,C
4388,C
4389,G
4390,C
4391,C
4392,C
4393,G
4394,T
4395,C
4396,C
4397,C
4398,C
4399,G
4400,C
4401,C
4402,C
4403,C
4404,T
4405,T
4406,G
4407,C
4408,C
4409,T
4410,C
4411,T
4412,C
4413,G
4414,G
4415,C
4416,G
4417,C
4418,C
4419,C
4420,C
4421,C
4422,T
4423,C
4424,G
4425,A
4426,T
4427,G
4428,C
4429,T
4430,C
4431,T
4432,T
4433,A
4434,G
4435,C
4436,T
4437,G
4438,A
4439,G
4440,T
4441,G
4442,T
4443,C
4444,C
4445,C
4446,G
4447,C
4448,G
4449,G
4450,G
4451,G
4452,C
4453,C
4454,C
4455,G
4456,A
4457,A
4458,G
4459,C
4460,G
4461,T
4462,T
4463,T
4464,A
4465,C
4466,T
4467,T
4468,T
4469,G
4470,A
4471,A
4472,A
4473,A
4474,A
4475,A
4476,T
4477,T
4478,A
4479,G
4480,A
4481,G
4482,T
4483,G
4484,T
4485,T
4486,C
4487,A
4488,A
4489,A
4490,G
4491,C
4492,A
4493,G
4494,G
4495,C
4496,C
4497,C
4498,G
4499,A
4500,G
4501,C
4502,C
4503,G
4504,C
4505,C
4506,T
4507,G
4508,G
4509,A
4510,T
4511,A
4512,C
4513,C
4514,G
4515,C
4516,A
4517,G
4518,C
4519,T
4520,A
4521,G
4522,G
4523,A
4524,A
4525,T
4526,A
4527,A
4528,T
4529,G
4530,G
4531,A
4532,A
4533,T
4534,A
4535,G
4536,G
4537,A
4538,C
4539,C
4540,G
4541,C
4542,G
4543,G
4544,T
4545,T
4546,C
4547,T
4548,A
4549,T
4550,T
4551,T
4552,T
4553,G
4554,T
4555,T
4556,G
4557,G
4558,T
4559,T
4560,T
4561,T
4562,C
4563,G
4564,G
4565,A
4566,A
4567,C
4568,T
4569,G
4570,A
4571,G
4572,G
4573,C
4574,C
4575,A
4576,T
4577,G
4578,A
4579,T
4580,T
4581,A
4582,A
4583,G
4584,A
4585,G
4586,G
4587,G
4588,A
4589,C
4590,G
4591,G
4592,C
4593,C
4594,G
4595,G
4596,G
4597,G
4598,G
4599,C
4600,A
4601,T
4602,T
4603,C
4604,G
4605,T
4606,A
4607,T
4608,T
4609,G
4610,C
4611,G
4612,C
4613,C
4614,G
4615,C
4616,T
4617,A
4618,G
4619,A
4620,G
4621,G
4622,T
4623,G
4624,A
4625,A
4626,A
4627,T
4628,T
4629,C
4630,T
4631,T
4632,G
4633,G
4634,A
4635,C
4636,C
4637,G
4638,G
4639,C
4640,G
4641,C
4642,A
4643,A
4644,G
4645,A
4646,C
4647,G
4648,G
4649,A
4650,C
4651,C
4652,A
4653,G
4654,A
4655,G
4656,C
4657,G
4658,A
4659,A
4660,A
4661,G
4662,C
4663,A
4664,T
4665,T
4666,T
4667,G
4668,C
4669,C
4670,A
4671,A
4672,G
4673,A
4674,A
4675,T
4676,G
4677,T
4678,T
4679,T
4680,T
4681,C
4682,A
4683,T
4684,T
4685,A
4686,A
4687,T
4688,C
4689,A
4690,A
4691,G
4692,A
4693,A
4694,C
4695,G
4696,A
4697,A
4698,A
4699,G
4700,T
4701,C
4702,G
4703,G
4704,A
4705,G
4706,G
4707,T
4708,T
4709,C
4710,G
4711,A
4712,A
4713,G
4714,A
4715,C
4716,G
4717,A
4718,T
4719,C
4720,A
4721,G
4722,A
4723,T
4724,A
4725,C
4726,C
4727,G
4728,T
4729,C
4730,G
4731,T
4732,A
4733,G
4734,T
4735,T
4736,C
4737,C
4738,G
4739,A
4740,C
4741,C
4742,A
4743,T
4744,A
4745,A
4746,A
4747,C
4748,G
4749,A
4750,T
4751,G
4752,C
4753,C
4754,G
4755,A
4756,C
4757,C
4758,G
4759,G
4760,C
4761,G
4762,A
4763,T
4764,G
4765,C
4766,G
4767,G
4768,C
4769,G
4770,G
4771,C
4772,G
4773,T
4774,T
4775,A
4776,T
4777,T
4778,C
4779,C
4780,C
4781,A
4782,T
4783,G
4784,A
4785,C
4786,C
4787,C
4788,G
4789,C
4790,C
4791,G
4792,G
4793,G
4794,C
4795,A
4796,G
4797,C
4798,T
4799,T
4800,C
4801,C
4802,G
4803,G
4804,G
4805,A
4806,A
4807,A
4808,C
4809,C
4810,A
4811,A
4812,A
4813,G
4814,T
4815,C
4816,T
4817,T
4818,T
4819,G
4820,G
4821,G
4822,T
4823,T
4824,C
4825,C
4826,G
4827,G
4828,G
4829,G
4830,G
4831,G
4832,A
4833,G
4834,T
4835,A
4836,T
4837,G
4838,G
4839,T
4840,T
4841,G
4842,C
4843,A
4844,A
4845,A
4846,G
4847,C
4848,T
4849,G
4850,A
4851,A
4852,A
4853,C
4854,T
4855,T
4856,A
4857,A
4858,A
4859,G
4860,G
4861,A
4862,A
4863,T
4864,T
4865,G
4866,A
4867,C
4868,G
4869,G
4870,A
4871,A
4872,G
4873,G
4874,G
4875,C
4876,A
4877,C
4878,C
4879,A
4880,C
4881,C
4882,A
4883,G
4884,G
4885,A
4886,G
4887,T
4888,G
4889,G
4890,A
4891,G
4892,C
4893,C
4894,T
4895,G
4896,C
4897,G
4898,G
4899,C
4900,T
4901,T
4902,A
4903,A
4904,T
4905,T
4906,T
4907,G
4908,A
4909,C
4910,T
4911,C
4912,A
4913,A
4914,C
4915,A
4916,C
4917,G
4918,G
4919,G
4920,A
4921,A
4922,A
4923,C
4924,C
4925,T
4926,C
4927,A
4928,C
4929,C
4930,C
4931,G
4932,G
4933,C
4934,C
4935,C
4936,G
4937,G
4938,A
4939,C
4940,A
4941,C
4942,G
4943,G
4944,A
4945,C
4946,A
4947,G
4948,G
4949,A
4950,T
4951,T
4952,G
4953,A
4954,C
4955,A
4956,G
4957,A
4958,T
4959,T
4960,G
4961,A
4962,T
4963,A
4964,G
4965,C
4966,T
4967,C
4968,T
4969,T
4970,T
4971,C
4972,T
4973,C
4974,G
4975,A
4976,T
4977,T
4978,C
4979,C
4980,G
4981,T
4982,G
4983,G
4984,G
4985,T
4986,G
4987,G
4988,T
4989,G
4990,G
4991,T
4992,G
4993,C
4994,A
4995,T
4996,G
4997,G
4998,C
4999,C
5000,G
5001,T
5002,T
5003,C
5004,T
5005,T
5006,A
5007,G
5008,T
5009,T
5010,G
5011,G
5012,T
5013,G
5014,G
5015,A
5016,G
5017,C
5018,G
5019,A
5020,T
5021,T
5022,T
5023,G
5024,T
5025,C
5026,T
5027,G
5028,G
5029,T
5030,T
5031,A
5032,A
5033,T
5034,T
5035,C
5036,C
5037,G
5038,A
5039,T
5040,A
5041,A
5042,C
5043,G
5044,A
5045,A
5046,C
5047,G
5048,A
5049,G
5050,A
5051,C
5052,T
5053,C
5054,T
5055,G
5056,G
5057,C
5058,A
5059,T
5060,G
5061,C
5062,T
5063,A
5064,A
5065,C
5066,T
5067,A
5068,G
5069,T
5070,T
5071,A
5072,C
5073,G
5074,C
5075,G
5076,A
5077,C
5078,C
5079,C
5080,C
5081,C
5082,G
5083,A
5084,G
5085,C
5086,G
5087,G
5088,T
5089,C
5090,G
5091,G
5092,C
5093,G
5094,T
5095,C
5096,C
5097,C
5098,C
5099,C
5100,A
5101,A
5102,C
5103,T
5104,T
5105,C
5106,T
5107,T
5108,A
5109,G
5110,A
5111,G
5112,G
5113,G
5114,A
5115,C
5116,A
5117,A
5118,G
5119,T
5120,G
5121,G
5122,C
5123,G
5124,T
5125,T
5126,C
5127,A
5128,G
5129,C
5130,C
5131,A
5132,C
5133,C
5134,C
5135,G
5136,A
5137,G
5138,A
5139,T
5140,T
5141,G
5142,A
5143,G
5144,C
5145,A
5146,A
5147,T
5148,A
5149,A
5150,C
5151,A
5152,G
5153,G
5154,T
5155,C
5156,T
5157,G
5158,T
5159,G
5160,A
5161,T
5162,G
5163,C
5164,C
5165,C
5166,T
5167,T
5168,A
5169,G
5170,A
5171,T
5172,G
5173,T
5174,C
5175,C
5176,G
5177,G
5178,G
5179,G
5180,C
5181,T
5182,G
5183,C
5184,A
5185,C
5186,G
5187,C
5188,G
5189,C
5190,G
5191,C
5192,T
5193,A
5194,C
5195,A
5196,C
5197,T
5198,G
5199,A
5200,C
5201,T
5202,G
5203,G
5204,C
5205,T
5206,C
5207,A
5208,G
5209,C
5210,G
5211,T
5212,G
5213,T
5214,G
5215,C
5216,C
5217,T
5218,A
5219,C
5220,C
5221,C
5222,T
5223,A
5224,C
5225,G
5226,C
5227,C
5228,G
5229,G
5230,C
5231,A
5232,G
5233,G
5234,C
5235,G
5236,C
5237,G
5238,G
5239,G
5240,T
5241,A
5242,A
5243,C
5244,C
5245,C
5246,G
5247,T
5248,T
5249,G
5250,A
5251,A
5252,C
5253,C
5254,C
5255,C
5256,A
5257,T
5258,T
5259,C
5260,G
5261,T
5262,G
5263,A
5264,T
5265,G
5266,G
5267,G
5268,G
5269,A
5270,T
5271,C
5272,G
5273,G
5274,G
5275,G
5276,A
5277,T
5278,T
5279,G
5280,C
5281,A
5282,A
5283,T
5284,T
5285,A
5286,T
5287,T
5288,C
5289,C
5290,C
5291,C
5292,A
5293,T
5294,G
5295,A
5296,A
5297,C
5298,G
5299,A
5300,G
5301,G
5302,A
5303,A
5304,T
5305,T
5306,C
5307,C
5308,C
5309,A
5310,G
5311,T
5312,A
5313,A
5314,G
5315,T
5316,G
5317,C
5318,G
5319,G
5320,G
5321,T
5322,C
5323,A
5324,T
5325,A
5326,A
5327,G
5328,C
5329,T
5330,T
5331,G
5332,C
5333,G
5334,T
5335,T
5336,G
5337,A
5338,T
5339,T
5340,A
5341,A
5342,G
5343,T
5344,C
5345,C
5346,C
5347,T
5348,G
5349,C
5350,C
5351,C
5352,T
5353,T
5354,T
5355,G
5356,T
5357,A
5358,C
5359,A
5360,C
5361,A
5362,C
5363,C
5364,G
5365,C
5366,C
5367,C
5368,G
5369,T
5370,C
5371,G
5372,C
5373,T
5374,A
5375,C
5376,T
5377,A
5378,C
5379,C
5380,G
5381,A
5382,T
5383,T
5384,G
5385,G
5386,A
5387,T
5388,G
5389,G
5390,T
5391,T
5392,T
5393,A
5394,G
5395,T
5396,G
5397,A
5398,G
5399,G
5400,C
5401,C
5402,C
5403,T
5404,C
5405,G
5406,G
5407,A
5408,T
5409,C
5410,G
5411,G
5412,C
5413,C
5414,C
5415,C
5416,G
5417,C
5418,C
5419,G
5420,G
5421,G
5422,G
5423,T
5424,C
5425,G
5426,G
5427,C
5428,C
5429,C
5430,A
5431,C
5432,G
5433,G
5434,C
5435,C
5436,C
5437,T
5438,G
5439,G
5440,C
5441,G
5442,G
5443,A
5444,G
5445,C
5446,G
5447,C
5448,T
5449,G
5450,A
5451,G
5452,A
5453,A
5454,G
5455,A
5456,C
5457,G
5458,G
5459,T
5460,C
5461,G
5462,A
5463,A
5464,C
5465,T
5466,T
5467,G
5468,A
5469,C
5470,T
5471,A
5472,T
5473,C
5474,T
5475,A
5476,G
5477,A
5478,G
5479,G
5480,A
5481,A
5482,G
5483,T
5484,A
5485,A
5486,A
5487,A
5488,G
5489,T
5490,C
5491,G
5492,T
5493,A
5494,A
5495,C
5496,A
5497,A
5498,G
5499,G
5500,T
5501,T
5502,T
5503,C
5504,C
5505,G
5506,T
5507,A
5508,G
5509,G
5510,T
5511,G
5512,A
5513,A
5514,C
5515,C
5516,T
5517,G
5518,C
5519,G
5520,G
5521,A
5522,A
5523,G
5524,G
5525,A
5526,T
5527,C
5528,A
5529,T
5530,T
5531,A
5532,A
5533,C
5534,G
5535,G
5536,A
5537,G
5538,C
5539,C
5540,C
5541,G
5542,G
5543,A
5544,G
5545,G
5546,G
5547,C
5548,G
5549,A
5550,G
5551,G
5552,C
5553,C
5554,C
5555,G
5556,C
5557,G
5558,G
5559,C
5560,G
5561,G
5562,C
5563,G
5564,C
5565,C
5566,G
5567,C
5568,C
5569,G
5570,C
5571,C
5572,G
5573,C
5574,C
5575,G
5576,C
5577,G
5578,C
5579,G
5580,C
5581,T
5582,T
5583,C
5584,C
5585,C
5586,T
5587,C
5588,C
5589,G
5590,C
5591,A
5592,C
5593,A
5594,C
5595,C
5596,C
5597,A
5598,C
5599,C
5600,C
5601,C
5602,C
5603,C
5604,C
5605,A
5606,C
5607,C
5608,G
5609,C
5610,G
5611,A
5612,C
5613,G
5614,C
5615,G
5616,G
5617,C
5618,G
5619,C
5620,G
5621,T
5622,G
5623,C
5624,G
5625,C
5626,G
5627,G
5628,G
5629,C
5630,G
5631,G
5632,G
5633,G
5634,C
5635,C
5636,C
5637,G
5638,C
5639,G
5640,T
5641,G
5642,C
5643,C
5644,C
5645,G
5646,T
5647,T
5648,C
5649,G
5650,T
5651,T
5652,C
5653,G
5654,C
5655,T
5656,C
5657,G
5658,C
5659,T
5660,C
5661,G
5662,T
5663,T
5664,C
5665,G
5666,T
5667,T
5668,C
5669,G
5670,C
5671,C
5672,G
5673,C
5674,C
5675,C
5676,G
5677,G
5678,C
5679,C
5680,C
5681,C
5682,G
5683,C
5684,C
5685,G
5686,G
5687,C
5688,C
5689,G
5690,C
5691,G
5692,A
5693,G
5694,A
5695,G
5696,C
5697,C
5698,G
5699,G
5700,A
5701,G
5702,A
5703,A
5704,C
5705,T
5706,C
5707,G
5708,G
5709,G
5710,A
5711,G
5712,G
5713,G
5714,A
5715,G
5716,A
5717,C
5718,G
5719,G
5720,G
5721,G
5722,G
5723,G
5724,G
5725,A
5726,G
5727,A
5728,G
5729,A
5730,G
5731,A
5732,G
5733,A
5734,G
5735,A
5736,G
5737,A
5738,G
5739,A
5740,G
5741,A
5742,G
5743,A
5744,G
5745,A
5746,G
5747,A
5748,G
5749,A
5750,G
5751,A
5752,G
5753,A
5754,G
5755,A
5756,G
5757,A
5758,G
5759,A
5760,G
5761,A
5762,G
5763,A
5764,G
5765,A
5766,A
5767,A
5768,G
5769,A
5770,A
5771,G
5772,G
5773,G
5774,C
5775,G
5776,T
5777,G
5778,T
5779,C
5780,G
5781,T
5782,T
5783,G
5784,G
5785,T
5786,G
5787,T
5788,G
5789,C
5790,G
5791,C
5792,G
5793,T
5794,G
5795,T
5796,C
5797,G
5798,T
5799,G
5800,G
5801,G
5802,G
5803,C
5804,C
5805,G
5806,G
5807,C
5808,G
5809,G
5810,G
5811,C
5812,G
5813,G
5814,C
5815,G
5816,G
5817,G
5818,G
5819,A
5820,G
5821,C
5822,G
5823,G
5824,T
5825,C
5826,C
5827,C
5828,C
5829,G
5830,G
5831,C
5832,C
5833,G
5834,C
5835,G
5836,G
5837,C
5838,C
5839,C
5840,C
5841,G
5842,A
5843,C
5844,G
5845,G
5846,C
5847,G
5848,T
5849,G
5850,G
5851,G
5852,T
5853,G
5854,T
5855,C
5856,G
5857,G
5858,C
5859,G
5860,G
5861,G
5862,C
5863,G
5864,C
5865,G
5866,G
5867,G
5868,G
5869,G
5870,C
5871,G
5872,G
5873,T
5874,T
5875,C
5876,T
5877,C
5878,G
5879,G
5880,C
5881,G
5882,G
5883,C
5884,G
5885,T
5886,C
5887,G
5888,C
5889,G
5890,G
5891,C
5892,G
5893,G
5894,G
5895,T
5896,C
5897,T
5898,G
5899,G
5900,G
5901,G
5902,G
5903,G
5904,T
5905,C
5906,T
5907,C
5908,G
5909,G
5910,T
5911,G
5912,C
5913,C
5914,C
5915,T
5916,C
5917,C
5918,T
5919,C
5920,C
5921,C
5922,C
5923,G
5924,C
5925,C
5926,G
5927,G
5928,G
5929,G
5930,C
5931,C
5932,C
5933,G
5934,T
5935,C
5936,G
5937,T
5938,C
5939,C
5940,G
5941,G
5942,C
5943,C
5944,C
5945,C
5946,G
5947,C
5948,C
5949,G
5950,C
5951,G
5952,C
5953,C
5954,G
5955,G
5956,C
5957,T
5958,C
5959,C
5960,C
5961,C
5962,G
5963,T
5964,C
5965,T
5966,T
5967,C
5968,G
5969,G
5970,G
5971,G
5972,C
5973,C
5974,G
5975,G
5976,C
5977,C
5978,G
5979,G
5980,A
5981,T
5982,T
5983,C
5984,C
5985,C
5986,G
5987,T
5988,C
5989,G
5990,C
5991,C
5992,T
5993,C
5994,C
5995,G
5996,C
5997,C
5998,G
5999,C
6000,G
6001,C
6002,C
6003,G
6004,C
6005,T
6006,C
6007,C
6008,G
6009,C
6010,G
6011,C
6012,C
6013,G
6014,C
6015,C
6016,G
6017,G
6018,G
6019,C
6020,A
6021,C
6022,G
6023,G
6024,C
6025,C
6026,C
6027,C
6028,G
6029,C
6030,T
6031,C
6032,G
6033,C
6034,T
6035,C
6036,T
6037,C
6038,C
6039,C
6040,C
6041,G
6042,G
6043,C
6044,C
6045,T
6046,T
6047,C
6048,C
6049,C
6050,G
6051,C
6052,T
6053,A
6054,G
6055,G
6056,G
6057,C
6058,G
6059,T
6060,C
6061,T
6062,C
6063,G
6064,A
6065,G
6066,G
6067,G
6068,T
6069,C
6070,G
6071,G
6072,G
6073,G
6074,G
6075,C
6076,C
6077,G
6078,G
6079,A
6080,C
6081,G
6082,C
6083,C
6084,G
6085,G
6086,T
6087,C
6088,C
6089,C
6090,C
6091,T
6092,C
6093,C
6094,C
6095,C
6096,C
6097,G
6098,C
6099,C
6100,T
6101,C
6102,C
6103,T
6104,C
6105,G
6106,T
6107,C
6108,C
6109,G
6110,C
6111,C
6112,C
6113,C
6114,C
6115,C
6116,C
6117,G
6118,C
6119,C
6120,G
6121,T
6122,C
6123,C
6124,A
6125,G
6126,G
6127,T
6128,A
6129,C
6130,C
6131,T
6132,A
6133,G
6134,C
6135,G
6136,C
6137,G
6138,T
6139,T
6140,C
6141,C
6142,G
6143,G
6144,C
6145,G
6146,C
6147,G
6148,G
6149,A
6150,G
6151,G
6152,T
6153,T
6154,T
6155,A
6156,A
6157,A
6158,G
6159,A
6160,C
6161,C
6162,C
6163,C
6164,T
6165,T
6166,G
6167,G
6168,G
6169,G
6170,G
6171,G
6172,A
6173,T
6174,C
6175,G
6176,C
6177,C
6178,C
6179,G
6180,T
6181,C
6182,C
6183,G
6184,C
6185,C
6186,C
6187,G
6188,T
6189,G
6190,G
6191,G
6192,T
6193,C
6194,G
6195,G
6196,G
6197,G
6198,G
6199,C
6200,G
6201,G
6202,T
6203,G
6204,G
6205,T
6206,G
6207,G
6208,G
6209,C
6210,C
6211,C
6212,G
6213,C
6214,G
6215,G
6216,G
6217,G
6218,G
6219,A
6220,G
6221,T
6222,C
6223,C
6224,C
6225,G
6226,T
6227,C
6228,G
6229,G
6230,G
6231,A
6232,G
6233,G
6234,G
6235,G
6236,C
6237,C
6238,C
6239,G
6240,G
6241,C
6242,C
6243,C
6244,C
6245,T
6246,C
6247,C
6248,C
6249,G
6250,C
6251,G
6252,C
6253,C
6254,T
6255,C
6256,C
6257,A
6258,C
6259,C
6260,G
6261,C
6262,G
6263,G
6264,A
6265,C
6266,T
6267,C
6268,C
6269,G
6270,C
6271,T
6272,C
6273,C
6274,C
6275,C
6276,G
6277,G
6278,C
6279,C
6280,G
6281,G
6282,G
6283,G
6284,C
6285,C
6286,G
6287,C
6288,G
6289,C
6290,C
6291,G
6292,C
6293,C
6294,G
6295,C
6296,C
6297,G
6298,C
6299,C
6300,G
6301,C
6302,C
6303,G
6304,C
6305,G
6306,G
6307,C
6308,G
6309,G
6310,C
6311,C
6312,G
6313,T
6314,C
6315,G
6316,G
6317,G
6318,T
6319,G
6320,G
6321,G
6322,G
6323,G
6324,C
6325,T
6326,T
6327,T
6328,A
6329,C
6330,C
6331,C
6332,G
6333,G
6334,C
6335,G
6336,G
6337,C
6338,C
6339,G
6340,T
6341,C
6342,G
6343,C
6344,G
6345,C
6346,G
6347,C
6348,C
6349,T
6350,G
6351,C
6352,C
6353,G
6354,C
6355,G
6356,C
6357,G
6358,T
6359,G
6360,T
6361,G
6362,G
6363,C
6364,G
6365,T
6366,G
6367,C
6368,G
6369,C
6370,C
6371,C
6372,C
6373,G
6374,C
6375,G
6376,C
6377,C
6378,G
6379,T
6380,G
6381,G
6382,G
6383,G
6384,G
6385,C
6386,G
6387,G
6388,G
6389,A
6390,A
6391,C
6392,C
6393,C
6394,C
6395,C
6396,G
6397,G
6398,G
6399,C
6400,G
6401,C
6402,C
6403,T
6404,G
6405,T
6406,G
6407,G
6408,G
6409,G
6410,T
6411,G
6412,G
6413,T
6414,G
6415,T
6416,C
6417,C
6418,G
6419,C
6420,G
6421,C
6422,T
6423,C
6424,G
6425,C
6426,C
6427,C
6428,C
6429,C
6430,G
6431,C
6432,G
6433,T
6434,G
6435,G
6436,G
6437,C
6438,G
6439,G
6440,C
6441,G
6442,C
6443,G
6444,C
6445,G
6446,C
6447,C
6448,T
6449,C
6450,C
6451,C
6452,C
6453,G
6454,T
6455,G
6456,G
6457,T
6458,G
6459,T
6460,G
6461,A
6462,A
6463,A
6464,C
6465,C
6466,T
6467,T
6468,C
6469,C
6470,G
6471,A
6472,C
6473,C
6474,C
6475,C
6476,T
6477,C
6478,T
6479,C
6480,C
6481,G
6482,G
6483,A
6484,G
6485,T
6486,C
6487,C
6488,G
6489,G
6490,T
6491,C
6492,C
6493,C
6494,G
6495,T
6496,T
6497,T
6498,G
6499,C
6500,T
6501,G
6502,T
6503,C
6504,T
6505,C
6506,G
6507,T
6508,C
6509,T
6510,G
6511,G
6512,C
6513,C
6514,G
6515,G
6516,C
6517,C
6518,T
6519,G
6520,A
6521,G
6522,G
6523,C
6524,A
6525,A
6526,C
6527,C
6528,C
6529,C
6530,C
6531,T
6532,C
6533,T
6534,C
6535,C
6536,T
6537,C
6538,T
6539,T
6540,G
6541,G
6542,G
6543,G
6544,G
6545,G
6546,G
6547,G
6548,C
6549,G
6550,G
6551,G
6552,G
6553,G
6554,G
6555,A
6556,C
6557,G
6558,T
6559,G
6560,C
6561,C
6562,G
6563,C
6564,G
6565,C
6566,C
6567,A
6568,G
6569,G
6570,A
6571,A
6572,G
6573,G
6574,G
6575,C
6576,C
6577,T
6578,C
6579,C
6580,T
6581,C
6582,C
6583,C
6584,G
6585,G
6586,T
6587,G
6588,C
6589,G
6590,T
6591,C
6592,G
6593,T
6594,C
6595,G
6596,G
6597,G
6598,A
6599,G
6600,C
6601,G
6602,C
6603,C
6604,C
6605,T
6606,C
6607,G
6608,C
6609,C
6610,A
6611,A
6612,A
6613,T
6614,C
6615,G
6616,A
6617,C
6618,C
6619,T
6620,C
6621,G
6622,T
6623,A
6624,C
6625,G
6626,A
6627,C
6628,T
6629,C
6630,T
6631,T
6632,A
6633,G
6634,C
6635,G
6636,G
6637,T
6638,G
6639,G
6640,A
6641,T
6642,C
6643,A
6644,C
6645,T
6646,C
6647,G
6648,G
6649,C
6650,T
6651,C
6652,G
6653,T
6654,G
6655,C
6656,G
6657,T
6658,C
6659,G
6660,A
6661,T
6662,G
6663,A
6664,A
6665,G
6666,A
6667,A
6668,C
6669,G
6670,C
6671,A
6672,G
6673,C
6674,T
6675,A
6676,G
6677,C
6678,T
6679,G
6680,C
6681,G
6682,A
6683,G
6684,A
6685,A
6686,T
6687,T
6688,A
6689,A
6690,T
6691,G
6692,T
6693,G
6694,A
6695,A
6696,T
6697,T
6698,G
6699,C
6700,A
6701,G
6702,G
6703,A
6704,C
6705,A
6706,C
6707,A
6708,T
6709,T
6710,G
6711,A
6712,T
6713,C
6714,A
6715,T
6716,C
6717,G
6718,A
6719,C
6720,A
6721,C
6722,T
6723,T
6724,C
6725,G
6726,A
6727,A
6728,C
6729,G
6730,C
6731,A
6732,C
6733,T
6734,T
6735,G
6736,C
6737,G
6738,G
6739,C
6740,C
6741,C
6742,C
6743,G
6744,G
6745,G
6746,T
6747,T
6748,C
6749,C
6750,T
6751,C
6752,C
6753,C
6754,G
6755,G
6756,G
6757,G
6758,C
6759,T
6760,A
6761,C
6762,G
6763,C
6764,C
6765,T
6766,G
6767,T
6768,C
6769,T
6770,G
6771,A
6772,G
6773,C
6774,G
6775,T
6776,C
6777,G
6778,C
6779,T
6780,T
6781,G
6782,C
6783,C
6784,G
6785,A
6786,T
6787,C
6788,A
6789,A
6790,T
6791,C
6792,G
6793,C
6794,C
6795,C
6796,C
6797,C
6798,G
6799,G
6800,G
6801,G
6802,G
6803,T
6804,G
6805,C
6806,C
6807,T
6808,C
6809,C
6810,G
6811,G
6812,G
6813,C
6814,T
6815,C
6816,C
6817,T
6818,C
6819,G
6820,G
6821,G
6822,G
6823,T
6824,G
6825,C
6826,G
6827,C
6828,G
6829,G
6830,C
6831,T
6832,G
6833,G
6834,G
6835,G
6836,G
6837,T
6838,T
6839,C
6840,C
6841,C
6842,T
6843,C
6844,G
6845,C
6846,A
6847,G
6848,G
6849,G
6850,C
6851,C
6852,C
6853,G
6854,C
6855,C
6856,G
6857,G
6858,G
6859,G
6860,G
6861,C
6862,C
6863,C
6864,T
6865,C
6866,C
6867,G
6868,T
6869,C
6870,C
6871,C
6872,C
6873,C
6874,T
6875,A
6876,A
6877,G
6878,C
6879,G
6880,C
6881,A
6882,G
6883,A
6884,C
6885,C
6886,C
6887,G
6888,G
6889,C
6890,G
6891,G
6892,C
6893,G
6894,T
6895,C
6896,C
6897,G
6898,C
6899,C
6900,C
6901,T
6902,C
6903,C
6904,T
6905,C
6906,T
6907,T
6908,G
6909,C
6910,C
6911,G
6912,C
6913,C
6914,G
6915,C
6916,G
6917,C
6918,C
6919,C
6920,G
6921,C
6922,C
6923,C
6924,C
6925,T
6926,T
6927,C
6928,C
6929,C
6930,C
6931,C
6932,T
6933,C
6934,C
6935,C
6936,C
6937,C
6938,C
6939,G
6940,C
6941,G
6942,G
6943,G
6944,C
6945,C
6946,C
6947,T
6948,G
6949,C
6950,G
6951,T
6952,G
6953,G
6954,T
6955,C
6956,A
6957,C
6958,G
6959,C
6960,G
6961,T
6962,C
6963,G
6964,G
6965,G
6966,T
6967,G
6968,G
6969,C
6970,G
6971,G
6972,G
6973,G
6974,G
6975,G
6976,G
6977,A
6978,G
6979,A
6980,G
6981,G
6982,G
6983,G
6984,G
6985,G
6986,C
6987,G
6988,C
6989,G
6990,C
6991,C
6992,C
6993,G
6994,G
6995,C
6996,T
6997,G
6998,A
6999,G
7000,A
7001,G
7002,A
7003,G
7004,A
7005,C
7006,G
7007,G
7008,G
7009,G
7010,A
7011,G
7012,G
7013,G
7014,C
7015,G
7016,G
7017,C
7018,G
7019,C
7020,C
7021,G
7022,C
7023,C
7024,G
7025,C
7026,C
7027,G
7028,C
7029,C
7030,C
7031,G
7032,C
7033,G
7034,A
7035,A
7036,G
7037,A
7038,C
7039,G
7040,G
7041,A
7042,G
7043,A
7044,G
7045,G
7046,G
7047,A
7048,A
7049,A
7050,G
7051,A
7052,G
7053,A
7054,G
7055,A
7056,G
7057,C
7058,C
7059,G
7060,G
7061,C
7062,T
7063,C
7064,G
7065,G
7066,G
7067,C
7068,C
7069,G
7070,A
7071,G
7072,T
7073,T
7074,C
7075,C
7076,C
7077,G
7078,T
7079,G
7080,G
7081,C
7082,C
7083,G
7084,C
7085,C
7086,G
7087,C
7088,C
7089,T
7090,G
7091,C
7092,G
7093,G
7094,T
7095,C
7096,C
7097,G
7098,G
7099,G
7100,T
7101,T
7102,C
7103,C
7104,T
7105,C
7106,C
7107,C
7108,T
7109,C
7110,G
7111,G
7112,G
7113,G
7114,G
7115,G
7116,C
7117,T
7118,C
7119,C
7120,C
7121,T
7122,C
7123,G
7124,C
7125,G
7126,C
7127,C
7128,G
7129,C
7130,G
7131,C
7132,G
7133,C
7134,G
7135,G
7136,C
7137,T
7138,C
7139,G
7140,G
7141,G
7142,G
7143,T
7144,T
7145,C
7146,G
7147,G
7148,G
7149,G
7150,T
7151,T
7152,C
7153,G
7154,T
7155,C
7156,G
7157,G
7158,C
7159,C
7160,C
7161,C
7162,G
7163,G
7164,C
7165,C
7166,G
7167,G
7168,G
7169,T
7170,G
7171,G
7172,A
7173,A
7174,G
7175,G
7176,T
7177,C
7178,C
7179,C
7180,G
7181,T
7182,G
7183,C
7184,C
7185,C
7186,G
7187,T
7188,C
7189,G
7190,T
7191,C
7192,G
7193,T
7194,C
7195,G
7196,T
7197,C
7198,G
7199,T
7200,C
7201,G
7202,C
7203,G
7204,C
7205,G
7206,T
7207,C
7208,G
7209,T
7210,C
7211,G
7212,G
7213,C
7214,G
7215,G
7216,T
7217,G
7218,G
7219,G
7220,G
7221,G
7222,C
7223,G
7224,T
7225,G
7226,T
7227,T
7228,G
7229,C
7230,G
7231,T
7232,G
7233,C
7234,G
7235,G
7236,T
7237,G
7238,T
7239,G
7240,G
7241,T
7242,G
7243,G
7244,T
7245,G
7246,G
7247,G
7248,G
7249,G
7250,A
7251,G
7252,G
7253,A
7254,G
7255,G
7256,A
7257,A
7258,G
7259,G
7260,C
7261,G
7262,G
7263,G
7264,T
7265,C
7266,C
7267,G
7268,G
7269,A
7270,A
7271,G
7272,G
7273,G
7274,G
7275,A
7276,A
7277,G
7278,G
7279,G
7280,T
7281,G
7282,C
7283,C
7284,G
7285,G
7286,C
7287,G
7288,G
7289,G
7290,G
7291,A
7292,G
7293,A
7294,G
7295,A
7296,G
7297,G
7298,G
7299,T
7300,C
7301,G
7302,G
7303,G
7304,G
7305,G
7306,A
7307,G
7308,C
7309,G
7310,C
7311,G
7312,T
7313,C
7314,C
7315,C
7316,G
7317,G
7318,T
7319,C
7320,G
7321,C
7322,C
7323,G
7324,C
7325,G
7326,G
7327,T
7328,T
7329,C
7330,G
7331,C
7332,C
7333,G
7334,C
7335,C
7336,C
7337,G
7338,C
7339,C
7340,C
7341,C
7342,C
7343,G
7344,G
7345,T
7346,G
7347,G
7348,C
7349,G
7350,G
7351,C
7352,C
7353,C
7354,G
7355,G
7356,C
7357,G
7358,T
7359,C
7360,C
7361,G
7362,G
7363,C
7364,C
7365,G
7366,A
7367,C
7368,C
7369,G
7370,C
7371,C
7372,G
7373,C
7374,T
7375,C
7376,C
7377,C
7378,G
7379,C
7380,G
7381,C
7382,C
7383,C
7384,C
7385,T
7386,C
7387,C
7388,T
7389,C
7390,C
7391,T
7392,C
7393,C
7394,C
7395,C
7396,G
7397,C
7398,C
7399,G
7400,C
7401,C
7402,C
7403,C
7404,T
7405,C
7406,C
7407,T
7408,C
7409,C
7410,G
7411,A
7412,G
7413,G
7414,C
7415,C
7416,C
7417,C
7418,G
7419,C
7420,C
7421,C
7422,G
7423,T
7424,C
7425,C
7426,T
7427,C
7428,C
7429,T
7430,C
7431,G
7432,C
7433,C
7434,C
7435,T
7436,C
7437,C
7438,C
7439,C
7440,G
7441,C
7442,G
7443,C
7444,G
7445,T
7446,A
7447,C
7448,G
7449,C
7450,G
7451,C
7452,G
7453,C
7454,G
7455,C
7456,G
7457,C
7458,C
7459,C
7460,G
7461,C
7462,C
7463,C
7464,G
7465,C
7466,C
7467,C
7468,G
7469,G
7470,C
7471,T
7472,C
7473,G
7474,C
7475,C
7476,T
7477,C
7478,G
7479,C
7480,G
7481,G
7482,C
7483,G
7484,C
7485,G
7486,T
7487,C
7488,G
7489,G
7490,C
7491,C
7492,G
7493,G
7494,G
7495,G
7496,C
7497,C
7498,G
7499,G
7500,G
7501,A
7502,G
7503,C
7504,C
7505,C
7506,G
7507,C
7508,C
7509,C
7510,C
7511,G
7512,C
7513,C
7514,G
7515,C
7516,C
7517,C
7518,G
7519,G
7520,C
7521,C
7522,G
7523,C
7524,G
7525,C
7526,C
7527,C
7528,G
7529,T
7530,G
7531,G
7532,C
7533,C
7534,G
7535,C
7536,G
7537,G
7538,C
7539,G
7540,C
7541,C
7542,G
7543,G
7544,G
7545,G
7546,T
7547,T
7548,C
7549,G
7550,C
7551,G
7552,T
7553,G
7554,T
7555,C
7556,C
7557,C
7558,C
7559,G
7560,G
7561,C
7562,G
7563,G
7564,C
7565,G
7566,A
7567,C
7568,C
7569,C
7570,G
7571,C
7572,G
7573,G
7574,G
7575,A
7576,C
7577,G
7578,C
7579,C
7580,G
7581,C
7582,G
7583,G
7584,T
7585,G
7586,T
7587,C
7588,G
7589,T
7590,C
7591,C
7592,G
7593,C
7594,C
7595,G
7596,T
7597,C
7598,G
7599,C
7600,G
7601,C
7602,G
7603,C
7604,C
7605,C
7606,G
7607,C
7608,C
7609,T
7610,C
7611,C
7612,G
7613,G
7614,C
7615,T
7616,C
7617,G
7618,C
7619,G
7620,G
7621,C
7622,C
7623,G
7624,C
7625,G
7626,C
7627,C
7628,G
7629,C
7630,G
7631,C
7632,C
7633,G
7634,C
7635,G
7636,C
7637,C
7638,G
7639,G
7640,G
7641,G
7642,C
7643,C
7644,C
7645,C
7646,G
7647,T
7648,C
7649,C
7650,C
7651,G
7652,A
7653,G
7654,C
7655,T
7656,T
7657,C
7658,C
7659,G
7660,C
7661,G
7662,T
7663,C
7664,G
7665,G
7666,G
7667,G
7668,C
7669,G
7670,G
7671,G
7672,G
7673,C
7674,G
7675,G
7676,C
7677,T
7678,C
7679,C
7680,G
7681,C
7682,C
7683,G
7684,C
7685,C
7686,G
7687,C
7688,G
7689,T
7690,C
7691,C
7692,T
7693,C
7694,G
7695,G
7696,A
7697,C
7698,C
7699,C
7700,G
7701,T
7702,C
7703,C
7704,C
7705,C
7706,C
7707,C
7708,G
7709,A
7710,C
7711,C
7712,T
7713,C
7714,C
7715,G
7716,C
7717,G
7718,G
7719,G
7720,G
7721,G
7722,A
7723,G
7724,A
7725,C
7726,G
7727,G
7728,G
7729,T
7730,C
7731,G
7732,G
7733,G
7734,G
7735,C
7736,G
7737,T
7738,G
7739,C
7740,G
7741,G
7742,C
7743,G
7744,C
7745,C
7746,C
7747,G
7748,T
7749,C
7750,C
7751,C
7752,G
7753,C
7754,C
7755,C
7756,C
7757,C
7758,G
7759,G
7760,C
7761,C
7762,C
7763,G
7764,T
7765,G
7766,C
7767,C
7768,C
7769,C
7770,T
7771,C
7772,C
7773,C
7774,T
7775,C
7776,C
7777,G
7778,G
7779,T
7780,C
7781,G
7782,T
7783,C
7784,C
7785,C
7786,G
7787,C
7788,T
7789,C
7790,C
7791,G
7792,G
7793,C
7794,G
7795,G
7796,G
7797,G
7798,C
7799,G
7800,G
7801,C
7802,G
7803,C
7804,G
7805,G
7806,G
7807,G
7808,G
7809,T
7810,G
7811,C
7812,C
7813,G
7814,T
7815,C
7816,G
7817,G
7818,C
7819,C
7820,G
7821,C
7822,G
7823,C
7824,G
7825,C
7826,T
7827,C
7828,T
7829,C
7830,T
7831,C
7832,T
7833,C
7834,C
7835,C
7836,G
7837,T
7838,C
7839,G
7840,C
7841,C
7842,T
7843,C
7844,T
7845,C
7846,C
7847,C
7848,C
7849,C
7850,T
7851,C
7852,G
7853,C
7854,C
7855,G
7856,G
7857,G
7858,C
7859,C
7860,C
7861,G
7862,T
7863,C
7864,T
7865,C
7866,C
7867,C
7868,G
7869,A
7870,C
7871,G
7872,G
7873,A
7874,G
7875,C
7876,G
7877,T
7878,C
7879,G
7880,G
7881,G
7882,C
7883,G
7884,G
7885,G
7886,C
7887,G
7888,G
7889,T
7890,C
7891,G
7892,G
7893,G
7894,C
7895,C
7896,G
7897,G
7898,C
7899,G
7900,C
7901,G
7902,A
7903,T
7904,T
7905,C
7906,C
7907,G
7908,T
7909,C
7910,C
7911,G
7912,T
7913,C
7914,C
7915,G
7916,T
7917,C
7918,C
7919,G
7920,C
7921,C
7922,G
7923,A
7924,G
7925,C
7926,G
7927,G
7928,C
7929,C
7930,C
7931,G
7932,T
7933,C
7934,C
7935,C
7936,C
7937,C
7938,T
7939,C
7940,C
7941,G
7942,A
7943,G
7944,A
7945,C
7946,G
7947,C
7948,G
7949,A
7950,C
7951,C
7952,T
7953,C
7954,A
7955,G
7956,A
7957,T
7958,C
7959,A
7960,G
7961,A
7962,C
7963,G
7964,T
7965,G
7966,G
7967,C
7968,G
7969,A
7970,C
7971,C
7972,C
7973,G
7974,C
7975,T
7976,G
7977,A
7978,A
7979,T
7980,T
7981,T
7982,A
7983,A
7984,G
7985,C
7986,A
7987,T
7988,A
7989,T
7990,T
7991,A
7992,G
7993,T
7994,C
7995,A
7996,G
7997,C
7998,G
7999,G
8000,A
8001,G
8002,G
8003,A
8004,G
8005,A
8006,A
8007,G
8008,A
8009,A
8010,A
8011,C
8012,T
8013,A
8014,A
8015,C
8016,C
8017,A
8018,G
8019,G
8020,A
8021,T
8022,T
8023,C
8024,C
8025,C
8026,T
8027,C
8028,A
8029,G
8030,T
8031,A
8032,A
8033,C
8034,G
8035,G
8036,C
8037,G
8038,A
8039,G
8040,T
8041,G
8042,A
8043,A
8044,C
8045,A
8046,G
8047,G
8048,G
8049,A
8050,A
8051,G
8052,A
8053,G
8054,C
8055,C
8056,C
8057,A
8058,G
8059,C
8060,G
8061,C
8062,C
8063,G
8064,A
8065,A
8066,T
8067,C
8068,C
8069,C
8070,C
8071,G
8072,C
8073,C
8074,C
8075,C
8076,G
8077,C
8078,G
8079,G
8080,C
8081,G
8082,G
8083,G
8084,G
8085,C
8086,G
8087,C
8088,G
8089,G
8090,G
8091,A
8092,C
8093,A
8094,T
8095,G
8096,T
8097,G
8098,G
8099,C
8100,G
8101,T
8102,A
8103,C
8104,G
8105,G
8106,A
8107,A
8108,G
8109,A
8110,C
8111,C
8112,C
8113,G
8114,C
8115,T
8116,C
8117,C
8118,C
8119,C
8120,G
8121,G
8122,C
8123,G
8124,C
8125,C
8126,G
8127,C
8128,T
8129,C
8130,G
8131,T
8132,G
8133,G
8134,G
8135,G
8136,G
8137,G
8138,C
8139,C
8140,C
8141,A
8142,A
8143,G
8144,T
8145,C
8146,C
8147,T
8148,T
8149,C
8150,T
8151,G
8152,A
8153,T
8154,C
8155,G
8156,A
8157,G
8158,G
8159,C
8160,C
8161,C
8162,A
8163,G
8164,C
8165,C
8166,C
8167,G
8168,T
8169,G
8170,G
8171,A
8172,C
8173,G
8174,G
8175,T
8176,G
8177,T
8178,G
8179,A
8180,G
8181,G
8182,C
8183,C
8184,G
8185,G
8186,T
8187,A
8188,G
8189,C
8190,G
8191,G
8192,C
8193,C
8194,C
8195,C
8196,C
8197,G
8198,G
8199,C
8200,G
8201,C
8202,G
8203,C
8204,C
8205,G
8206,G
8207,G
8208,C
8209,C
8210,C
8211,G
8212,G
8213,G
8214,T
8215,C
8216,T
8217,T
8218,C
8219,C
8220,C
8221,G
8222,G
8223,A
8224,G
8225,T
8226,C
8227,G
8228,G
8229,G
8230,T
8231,T
8232,G
8233,C
8234,T
8235,T
8236,G
8237,G
8238,G
8239,A
8240,A
8241,T
8242,G
8243,C
8244,A
8245,G
8246,C
8247,C
8248,C
8249,A
8250,A
8251,A
8252,G
8253,C
8254,G
8255,G
8256,G
8257,T
8258,G
8259,G
8260,T
8261,A
8262,A
8263,A
8264,C
8265,T
8266,C
8267,C
8268,A
8269,T
8270,C
8271,T
8272,A
8273,A
8274,G
8275,G
8276,C
8277,T
8278,A
8279,A
8280,A
8281,T
8282,A
8283,C
8284,C
8285,G
8286,G
8287,C
8288,A
8289,C
8290,G
8291,A
8292,G
8293,A
8294,C
8295,C
8296,G
8297,A
8298,T
8299,A
8300,G
8301,T
8302,C
8303,A
8304,A
8305,C
8306,A
8307,A
8308,G
8309,T
8310,A
8311,C
8312,C
8313,G
8314,T
8315,A
8316,A
8317,G
8318,G
8319,G
8320,A
8321,A
8322,A
8323,G
8324,T
8325,T
8326,G
8327,A
8328,A
8329,A
8330,A
8331,G
8332,A
8333,A
8334,C
8335,T
8336,T
8337,T
8338,G
8339,A
8340,A
8341,G
8342,A
8343,G
8344,A
8345,G
8346,A
8347,G
8348,T
8349,T
8350,C
8351,A
8352,A
8353,G
8354,A
8355,G
8356,G
8357,G
8358,C
8359,G
8360,T
8361,G
8362,A
8363,A
8364,A
8365,C
8366,C
8367,G
8368,T
8369,T
8370,A
8371,A
8372,G
8373,A
8374,G
8375,G
8376,T
8377,A
8378,A
8379,A
8380,C
8381,G
8382,G
8383,G
8384,T
8385,G
8386,G
8387,G
8388,G
8389,T
8390,C
8391,C
8392,G
8393,C
8394,G
8395,C
8396,A
8397,G
8398,T
8399,C
8400,C
8401,G
8402,C
8403,C
8404,C
8405,G
8406,G
8407,A
8408,G
8409,G
8410,A
8411,T
8412,T
8413,C
8414,A
8415,A
8416,C
8417,C
8418,C
8419,G
8420,G
8421,C
8422,G
8423,G
8424,C
8425,G
8426,G
8427,G
8428,T
8429,C
8430,C
8431,G
8432,G
8433,C
8434,C
8435,G
8436,T
8437,G
8438,T
8439,C
8440,G
8441,G
8442,C
8443,G
8444,G
8445,C
8446,C
8447,C
8448,G
8449,G
8450,C
8451,G
8452,G
8453,A
8454,T
8455,C
8456,T
8457,T
8458,T
8459,C
8460,C
8461,C
8462,G
8463,C
8464,C
8465,C
8466,C
8467,C
8468,C
8469,G
8470,T
8471,T
8472,C
8473,C
8474,T
8475,C
8476,C
8477,C
8478,G
8479,A
8480,C
8481,C
8482,C
8483,C
8484,T
8485,C
8486,C
8487,A
8488,C
8489,C
8490,C
8491,G
8492,C
8493,C
8494,C
8495,T
8496,C
8497,C
8498,C
8499,T
8500,T
8501,C
8502,C
8503,C
8504,C
8505,C
8506,G
8507,C
8508,C
8509,G
8510,C
8511,C
8512,C
8513,C
8514,T
8515,C
8516,C
8517,T
8518,C
8519,C
8520,T
8521,C
8522,C
8523,T
8524,C
8525,C
8526,C
8527,C
8528,G
8529,G
8530,A
8531,G
8532,G
8533,G
8534,G
8535,G
8536,C
8537,G
8538,G
8539,G
8540,C
8541,T
8542,C
8543,C
8544,G
8545,G
8546,C
8547,G
8548,G
8549,G
8550,T
8551,G
8552,C
8553,G
8554,G
8555,G
8556,G
8557,G
8558,T
8559,G
8560,G
8561,G
8562,C
8563,G
8564,G
8565,G
8566,C
8567,G
8568,G
8569,G
8570,G
8571,C
8572,C
8573,G
8574,G
8575,G
8576,G
8577,G
8578,T
8579,G
8580,G
8581,G
8582,G
8583,T
8584,C
8585,G
8586,G
8587,C
8588,G
8589,G
8590,G
8591,G
8592,G
8593,A
8594,C
8595,C
8596,G
8597,T
8598,C
8599,C
8600,C
8601,C
8602,C
8603,G
8604,A
8605,C
8606,C
8607,G
8608,G
8609,C
8610,G
8611,A
8612,C
8613,C
8614,G
8615,G
8616,C
8617,C
8618,G
8619,C
8620,C
8621,G
8622,C
8623,C
8624,G
8625,G
8626,G
8627,C
8628,G
8629,C
8630,A
8631,T
8632,T
8633,T
8634,C
8635,C
8636,A
8637,C
8638,C
8639,G
8640,C
8641,G
8642,G
8643,C
8644,G
8645,G
8646,T
8647,G
8648,C
8649,G
8650,C
8651,C
8652,G
8653,C
8654,G
8655,A
8656,C
8657,C
8658,G
8659,G
8660,C
8661,T
8662,C
8663,C
8664,G
8665,G
8666,G
8667,A
8668,C
8669,G
8670,G
8671,C
8672,T
8673,G
8674,G
8675,G
8676,A
8677,A
8678,G
8679,G
8680,C
8681,C
8682,C
8683,G
8684,G
8685,C
8686,G
8687,G
8688,G
8689,G
8690,A
8691,A
8692,G
8693,G
8694,T
8695,G
8696,G
8697,C
8698,T
8699,C
8700,G
8701,G
8702,G
8703,G
8704,G
8705,G
8706,C
8707,C
8708,C
8709,C
8710,G
8711,T
8712,C
8713,C
8714,G
8715,T
8716,C
8717,C
8718,G
8719,T
8720,C
8721,C
8722,G
8723,T
8724,C
8725,C
8726,G
8727,T
8728,C
8729,C
8730,T
8731,C
8732,C
8733,T
8734,C
8735,C
8736,T
8737,C
8738,C
8739,C
8740,C
8741,C
8742,G
8743,T
8744,C
8745,T
8746,C
8747,C
8748,G
8749,C
8750,C
8751,C
8752,C
8753,C
8754,C
8755,G
8756,G
8757,C
8758,C
8759,C
8760,C
8761,G
8762,C
8763,G
8764,T
8765,C
8766,C
8767,T
8768,C
8769,C
8770,C
8771,T
8772,C
8773,G
8774,G
8775,G
8776,A
8777,G
8778,G
8779,G
8780,C
8781,G
8782,C
8783,G
8784,C
8785,G
8786,G
8787,G
8788,T
8789,C
8790,G
8791,G
8792,G
8793,G
8794,C
8795,G
8796,G
8797,C
8798,G
8799,G
8800,C
8801,G
8802,G
8803,C
8804,G
8805,G
8806,C
8807,G
8808,G
8809,C
8810,G
8811,G
8812,T
8813,G
8814,G
8815,C
8816,G
8817,G
8818,C
8819,G
8820,G
8821,C
8822,G
8823,G
8824,C
8825,G
8826,G
8827,C
8828,G
8829,G
8830,C
8831,G
8832,G
8833,C
8834,G
8835,G
8836,G
8837,A
8838,C
8839,C
8840,G
8841,A
8842,A
8843,A
8844,C
8845,C
8846,C
8847,C
8848,C
8849,C
8850,C
8851,C
8852,G
8853,A
8854,G
8855,T
8856,G
8857,T
8858,T
8859,A
8860,C
8861,A
8862,G
8863,C
8864,C
8865,C
8866,C
8867,C
8868,C
8869,C
8870,G
8871,G
8872,C
8873,A
8874,G
8875,C
8876,A
8877,G
8878,C
8879,A
8880,C
8881,T
8882,C
8883,G
8884,C
8885,C
8886,G
8887,A
8888,A
8889,T
8890,C
8891,C
8892,C
8893,G
8894,G
8895,G
8896,G
8897,C
8898,C
8899,G
8900,A
8901,G
8902,G
8903,G
8904,A
8905,G
8906,C
8907,G
8908,A
8909,G
8910,A
8911,C
8912,C
8913,C
8914,G
8915,T
8916,C
8917,G
8918,C
8919,C
8920,G
8921,C
8922,G
8923,C
8924,T
8925,C
8926,T
8927,C
8928,C
8929,C
8930,C
8931,C
8932,C
8933,T
8934,C
8935,C
8936,C
8937,G
8938,G
8939,C
8940,G
8941,C
8942,C
8943,C
8944,A
8945,C
8946,C
8947,C
8948,C
8949,C
8950,G
8951,C
8952,G
8953,G
8954,G
8955,G
8956,A
8957,A
8958,T
8959,C
8960,C
8961,C
8962,C
8963,C
8964,G
8965,C
8966,G
8967,A
8968,G
8969,G
8970,G
8971,G
8972,G
8973,G
8974,T
8975,C
8976,T
8977,C
8978,C
8979,C
8980,C
8981,C
8982,G
8983,C
8984,G
8985,G
8986,G
8987,G
8988,G
8989,C
8990,G
8991,C
8992,G
8993,C
8994,C
8995,G
8996,G
8997,C
8998,G
8999,T
9000,C
9001,T
9002,C
9003,C
9004,T
9005,C
9006,G
9007,T
9008,G
9009,G
9010,G
9011,G
9012,G
9013,G
9014,G
9015,C
9016,C
9017,G
9018,G
9019,G
9020,C
9021,C
9022,A
9023,C
9024,C
9025,C
9026,C
9027,T
9028,C
9029,C
9030,C
9031,A
9032,C
9033,G
9034,G
9035,C
9036,G
9037,C
9038,G
9039,A
9040,C
9041,C
9042,G
9043,C
9044,T
9045,C
9046,T
9047,C
9048,C
9049,C
9050,A
9051,C
9052,C
9053,C
9054,C
9055,T
9056,C
9057,C
9058,T
9059,C
9060,C
9061,C
9062,C
9063,G
9064,C
9065,G
9066,C
9067,C
9068,C
9069,C
9070,C
9071,G
9072,C
9073,C
9074,C
9075,C
9076,G
9077,G
9078,C
9079,G
9080,A
9081,C
9082,G
9083,G
9084,G
9085,G
9086,G
9087,G
9088,G
9089,G
9090,T
9091,G
9092,C
9093,C
9094,G
9095,C
9096,G
9097,C
9098,G
9099,C
9100,G
9101,G
9102,G
9103,T
9104,C
9105,G
9106,G
9107,G
9108,G
9109,G
9110,G
9111,C
9112,G
9113,G
9114,G
9115,G
9116,C
9117,G
9118,G
9119,A
9120,C
9121,T
9122,G
9123,T
9124,C
9125,C
9126,C
9127,C
9128,A
9129,G
9130,T
9131,G
9132,C
9133,G
9134,C
9135,C
9136,C
9137,C
9138,G
9139,G
9140,G
9141,C
9142,G
9143,G
9144,G
9145,T
9146,C
9147,G
9148,C
9149,G
9150,C
9151,C
9152,G
9153,T
9154,C
9155,G
9156,G
9157,G
9158,C
9159,C
9160,C
9161,G
9162,G
9163,G
9164,G
9165,G
9166,A
9167,G
9168,G
9169,T
9170,T
9171,C
9172,T
9173,C
9174,T
9175,C
9176,G
9177,G
9178,G
9179,G
9180,C
9181,C
9182,A
9183,C
9184,G
9185,C
9186,G
9187,C
9188,G
9189,C
9190,G
9191,T
9192,C
9193,C
9194,C
9195,C
9196,C
9197,G
9198,A
9199,A
9200,G
9201,A
9202,G
9203,G
9204,G
9205,G
9206,G
9207,A
9208,C
9209,G
9210,G
9211,C
9212,G
9213,G
9214,A
9215,G
9216,C
9217,G
9218,A
9219,G
9220,C
9221,G
9222,C
9223,A
9224,C
9225,G
9226,G
9227,G
9228,G
9229,T
9230,C
9231,G
9232,G
9233,C
9234,G
9235,G
9236,C
9237,G
9238,A
9239,C
9240,G
9241,T
9242,C
9243,G
9244,G
9245,C
9246,T
9247,A
9248,C
9249,C
9250,C
9251,A
9252,C
9253,C
9254,C
9255,G
9256,A
9257,C
9258,C
9259,C
9260,G
9261,T
9262,C
9263,T
9264,T
9265,G
9266,A
9267,A
9268,A
9269,C
9270,A
9271,C
9272,G
9273,G
9274,A
9275,C
9276,C
9277,A
9278,A
9279,G
9280,G
9281,A
9282,G
9283,T
9284,C
9285,T
9286,A
9287,A
9288,C
9289,A
9290,C
9291,G
9292,T
9293,G
9294,C
9295,G
9296,C
9297,G
9298,A
9299,G
9300,T
9301,C
9302,G
9303,G
9304,G
9305,G
9306,G
9307,C
9308,T
9309,C
9310,G
9311,C
9312,A
9313,C
9314,G
9315,A
9316,A
9317,A
9318,G
9319,C
9320,C
9321,G
9322,C
9323,C
9324,G
9325,T
9326,G
9327,G
9328,C
9329,G
9330,C
9331,A
9332,A
9333,T
9334,G
9335,A
9336,A
9337,G
9338,G
9339,T
9340,G
9341,A
9342,A
9343,G
9344,G
9345,C
9346,C
9347,G
9348,G
9349,C
9350,G
9351,C
9352,G
9353,C
9354,T
9355,C
9356,G
9357,C
9358,C
9359,G
9360,G
9361,C
9362,C
9363,G
9364,A
9365,G
9366,G
9367,T
9368,G
9369,G
9370,G
9371,A
9372,T
9373,C
9374,C
9375,C
9376,G
9377,A
9378,G
9379,G
9380,C
9381,C
9382,T
9383,C
9384,T
9385,C
9386,C
9387,A
9388,G
9389,T
9390,C
9391,C
9392,G
9393,C
9394,C
9395,G
9396,A
9397,G
9398,G
9399,G
9400,C
9401,G
9402,C
9403,A
9404,C
9405,C
9406,A
9407,C
9408,C
9409,G
9410,G
9411,C
9412,C
9413,C
9414,G
9415,T
9416,C
9417,T
9418,C
9419,G
9420,C
9421,C
9422,C
9423,G
9424,C
9425,C
9426,G
9427,C
9428,G
9429,C
9430,C
9431,G
9432,G
9433,G
9434,G
9435,A
9436,G
9437,G
9438,T
9439,G
9440,G
9441,A
9442,G
9443,C
9444,A
9445,C
9446,G
9447,A
9448,G
9449,C
9450,G
9451,C
9452,A
9453,C
9454,G
9455,T
9456,G
9457,T
9458,T
9459,A
9460,G
9461,G
9462,A
9463,C
9464,C
9465,C
9466,G
9467,A
9468,A
9469,A
9470,G
9471,A
9472,T
9473,G
9474,G
9475,T
9476,G
9477,A
9478,A
9479,C
9480,T
9481,A
9482,T
9483,G
9484,C
9485,C
9486,T
9487,G
9488,G
9489,G
9490,C
9491,A
9492,G
9493,G
9494,G
9495,C
9496,G
9497,A
9498,A
9499,G
9500,C
9501,C
9502,A
9503,G
9504,A
9505,G
9506,G
9507,A
9508,A
9509,A
9510,C
9511,T
9512,C
9513,T
9514,G
9515,G
9516,T
9517,G
9518,G
9519,A
9520,G
9521,G
9522,T
9523,C
9524,C
9525,G
9526,T
9527,A
9528,G
9529,C
9530,G
9531,G
9532,T
9533,C
9534,C
9535,T
9536,G
9537,A
9538,C
9539,G
9540,T
9541,G
9542,C
9543,A
9544,A
9545,A
9546,T
9547,C
9548,G
9549,G
9550,T
9551,C
9552,G
9553,T
9554,C
9555,C
9556,G
9557,A
9558,C
9559,C
9560,T
9561,G
9562,G
9563,G
9564,T
9565,A
9566,T
9567,A
9568,G
9569,G
9570,G
9571,G
9572,C
9573,G
9574,A
9575,A
9576,A
9577,G
9578,A
9579,C
9580,T
9581,A
9582,A
9583,T
9584,C
9585,G
9586,A
9587,A
9588,C
9589,C
9590,A
9591,T
9592,C
9593,T
9594,A
9595,G
9596,T
9597,A
9598,G
9599,C
9600,T
9601,G
9602,G
9603,T
9604,T
9605,C
9606,C
9607,C
9608,T
9609,C
9610,C
9611,G
9612,A
9613,A
9614,G
9615,T
9616,T
9617,T
9618,C
9619,C
9620,C
9621,T
9622,C
9623,A
9624,G
9625,G
9626,A
9627,T
9628,A
9629,G
9630,C
9631,T
9632,G
9633,G
9634,C
9635,G
9636,C
9637,T
9638,C
9639,T
9640,C
9641,G
9642,C
9643,A
9644,G
9645,A
9646,C
9647,C
9648,C
9649,G
9650,A
9651,C
9652,G
9653,C
9654,A
9655,C
9656,C
9657,C
9658,C
9659,C
9660,G
9661,C
9662,C
9663,A
9664,C
9665,G
9666,C
9667,A
9668,G
9669,T
9670,T
9671,T
9672,T
9673,A
9674,T
9675,C
9676,C
9677,G
9678,G
9679,T
9680,A
9681,A
9682,A
9683,G
9684,C
9685,G
9686,A
9687,A
9688,T
9689,G
9690,A
9691,T
9692,T
9693,A
9694,G
9695,A
9696,G
9697,G
9698,T
9699,C
9700,T
9701,T
9702,G
9703,G
9704,G
9705,G
9706,C
9707,C
9708,G
9709,A
9710,A
9711,A
9712,C
9713,G
9714,A
9715,T
9716,C
9717,T
9718,C
9719,A
9720,A
9721,C
9722,C
9723,T
9724,A
9725,T
9726,T
9727,C
9728,T
9729,C
9730,A
9731,A
9732,A
9733,C
9734,T
9735,T
9736,T
9737,A
9738,A
9739,A
9740,T
9741,G
9742,G
9743,G
9744,T
9745,A
9746,A
9747,G
9748,A
9749,A
9750,G
9751,C
9752,C
9753,C
9754,G
9755,G
9756,C
9757,T
9758,C
9759,G
9760,C
9761,T
9762,G
9763,G
9764,C
9765,G
9766,T
9767,G
9768,G
9769,A
9770,G
9771,C
9772,C
9773,G
9774,G
9775,G
9776,C
9777,G
9778,T
9779,G
9780,G
9781,A
9782,A
9783,T
9784,G
9785,C
9786,G
9787,A
9788,G
9789,T
9790,G
9791,C
9792,C
9793,T
9794,A
9795,G
9796,T
9797,G
9798,G
9799,G
9800,C
9801,C
9802,A
9803,C
9804,T
9805,T
9806,T
9807,T
9808,G
9809,G
9810,T
9811,A
9812,A
9813,G
9814,C
9815,A
9816,G
9817,A
9818,A
9819,C
9820,T
9821,G
9822,G
9823,C
9824,G
9825,C
9826,T
9827,G
9828,C
9829,G
9830,G
9831,G
9832,A
9833,T
9834,G
9835,A
9836,A
9837,C
9838,C
9839,G
9840,A
9841,A
9842,C
9843,G
9844,C
9845,C
9846,G
9847,G
9848,G
9849,T
9850,T
9851,A
9852,A
9853,G
9854,G
9855,C
9856,G
9857,C
9858,C
9859,C
9860,G
9861,A
9862,T
9863,G
9864,C
9865,C
9866,G
9867,A
9868,C
9869,G
9870,C
9871,T
9872,C
9873,A
9874,T
9875,C
9876,A
9877,G
9878,A
9879,C
9880,C
9881,C
9882,C
9883,A
9884,G
9885,A
9886,A
9887,A
9888,A
9889,G
9890,G
9891,T
9892,G
9893,T
9894,T
9895,G
9896,G
9897,T
9898,T
9899,G
9900,A
9901,T
9902,A
9903,T
9904,A
9905,G
9906,A
9907,C
9908,A
9909,G
9910,C
9911,A
9912,G
9913,G
9914,A
9915,C
9916,G
9917,G
9918,T
9919,G
9920,G
9921,C
9922,C
9923,A
9924,T
9925,G
9926,G
9927,A
9928,A
9929,G
9930,T
9931,C
9932,G
9933,G
9934,A
9935,A
9936,T
9937,C
9938,C
9939,G
9940,C
9941,T
9942,A
9943,A
9944,G
9945,G
9946,A
9947,G
9948,T
9949,G
9950,T
9951,G
9952,T
9953,A
9954,A
9955,C
9956,A
9957,A
9958,C
9959,T
9960,C
9961,A
9962,C
9963,C
9964,T
9965,G
9966,C
9967,C
9968,G
9969,A
9970,A
9971,T
9972,C
9973,A
9974,A
9975,C
9976,T
9977,A
9978,G
9979,C
9980,C
9981,C
9982,T
9983,G
9984,A
9985,A
9986,A
9987,A
9988,T
9989,G
9990,G
9991,A
9992,T
9993,G
9994,G
9995,C
9996,G
9997,C
9998,T
9999,G
10000,G
10001,A
10002,G
10003,C
10004,G
10005,T
10006,C
10007,G
10008,G
10009,G
10010,C
10011,C
10012,C
10013,A
10014,T
10015,A
10016,C
10017,C
10018,C
10019,G
10020,G
10021,C
10022,C
10023,G
10024,T
10025,C
10026,G
10027,C
10028,C
10029,G
10030,G
10031,C
10032,A
10033,G
10034,T
10035,C
10036,G
10037,A
10038,G
10039,A
10040,G
10041,T
10042,G
10043,G
10044,A
10045,C
10046,G
10047,G
10048,G
10049,A
10050,G
10051,C
10052,G
10053,G
10054,C
10055,G
10056,G
10057,G
10058,G
10059,G
10060,C
10061,G
10062,G
10063,C
10064,G
10065,C
10066,G
10067,C
10068,G
10069,C
10070,G
10071,C
10072,G
10073,C
10074,G
10075,C
10076,G
10077,C
10078,G
10079,T
10080,G
10081,T
10082,G
10083,G
10084,T
10085,G
10086,T
10087,G
10088,C
10089,G
10090,T
10091,C
10092,G
10093,G
10094,A
10095,G
10096,G
10097,G
10098,C
10099,G
10100,G
10101,C
10102,G
10103,G
10104,C
10105,G
10106,G
10107,C
10108,G
10109,G
10110,C
10111,G
10112,G
10113,C
10114,G
10115,G
10116,C
10117,G
10118,G
10119,G
10120,G
10121,G
10122,T
10123,G
10124,T
10125,G
10126,G
10127,G
10128,G
10129,T
10130,C
10131,C
10132,T
10133,T
10134,C
10135,C
10136,C
10137,C
10138,C
10139,G
10140,C
10141,C
10142,C
10143,C
10144,C
10145,C
10146,C
10147,C
10148,C
10149,C
10150,C
10151,A
10152,C
10153,G
10154,C
10155,C
10156,T
10157,C
10158,C
10159,T
10160,C
10161,C
10162,C
10163,C
10164,T
10165,C
10166,C
10167,T
10168,C
10169,C
10170,C
10171,G
10172,C
10173,C
10174,C
10175,A
10176,C
10177,G
10178,C
10179,C
10180,C
10181,C
10182,G
10183,C
10184,T
10185,C
10186,C
10187,C
10188,C
10189,G
10190,C
10191,C
10192,C
10193,C
10194,C
10195,G
10196,G
10197,A
10198,G
10199,C
10200,C
10201,C
10202,C
10203,G
10204,C
10205,G
10206,G
10207,A
10208,C
10209,G
10210,C
10211,T
10212,A
10213,C
10214,G
10215,C
10216,C
10217,G
10218,C
10219,G
10220,A
10221,C
10222,G
10223,A
10224,G
10225,T
10226,A
10227,G
10228,G
10229,A
10230,G
10231,G
10232,G
10233,C
10234,C
10235,G
10236,C
10237,T
10238,G
10239,C
10240,G
10241,G
10242,T
10243,G
10244,A
10245,G
10246,C
10247,C
10248,T
10249,T
10250,G
10251,A
10252,A
10253,G
10254,C
10255,C
10256,T
10257,A
10258,G
10259,G
10260,G
10261,C
10262,G
10263,C
10264,G
10265,G
10266,G
10267,C
10268,C
10269,C
10270,G
10271,G
10272,G
10273,T
10274,G
10275,G
10276,A
10277,G
10278,C
10279,C
10280,G
10281,C
10282,C
10283,G
10284,C
10285,A
10286,G
10287,G
10288,T
10289,G
10290,C
10291,A
10292,G
10293,A
10294,T
10295,C
10296,T
10297,T
10298,G
10299,G
10300,T
10301,G
10302,G
10303,T
10304,A
10305,G
10306,T
10307,A
10308,G
10309,C
10310,A
10311,A
10312,A
10313,T
10314,A
10315,T
10316,T
10317,C
10318,A
10319,A
10320,A
10321,C
10322,G
10323,A
10324,G
10325,A
10326,A
10327,C
10328,T
10329,T
10330,T
10331,G
10332,A
10333,A
10334,G
10335,G
10336,C
10337,C
10338,G
10339,A
10340,A
10341,G
10342,T
10343,G
10344,G
10345,A
10346,G
10347,A
10348,A
10349,G
10350,G
10351,G
10352,T
10353,T
10354,C
10355,C
10356,A
10357,T
10358,G
10359,T
10360,G
10361,A
10362,A
10363,C
10364,A
10365,G
10366,C
10367,A
10368,G
10369,T
10370,T
10371,G
10372,A
10373,A
10374,C
10375,A
10376,T
10377,G
10378,G
10379,G
10380,T
10381,C
10382,A
10383,G
10384,T
10385,C
10386,G
10387,G
10388,T
10389,C
10390,C
10391,T
10392,G
10393,A
10394,G
10395,A
10396,G
10397,A
10398,T
10399,G
10400,G
10401,G
10402,C
10403,G
10404,A
10405,G
10406,C
10407,G
10408,C
10409,C
10410,G
10411,T
10412,T
10413,C
10414,C
10415,G
10416,A
10417,A
10418,G
10419,G
10420,G
10421,A
10422,C
10423,G
10424,G
10425,G
10426,C
10427,G
10428,A
10429,T
10430,G
10431,G
10432,C
10433,C
10434,T
10435,C
10436,C
10437,G
10438,T
10439,T
10440,G
10441,C
10442,C
10443,C
10444,T
10445,C
10446,G
10447,G
10448,C
10449,C
10450,G
10451,A
10452,T
10453,C
10454,G
10455,A
10456,A
10457,A
10458,G
10459,G
10460,G
10461,A
10462,G
10463,T
10464,C
10465,G
10466,G
10467,G
10468,T
10469,T
10470,C
10471,A
10472,G
10473,A
10474,T
10475,C
10476,C
10477,C
10478,C
10479,G
10480,A
10481,A
10482,T
10483,C
10484,C
10485,G
10486,G
10487,A
10488,G
10489,T
10490,G
10491,G
10492,C
10493,G
10494,G
10495,A
10496,G
10497,A
10498,T
10499,G
10500,G
10501,G
10502,C
10503,G
10504,C
10505,C
10506,G
10507,C
10508,G
10509,A
10510,G
10511,G
10512,C
10513,G
10514,T
10515,C
10516,C
10517,A
10518,G
10519,T
10520,G
10521,C
10522,G
10523,G
10524,T
10525,A
10526,A
10527,C
10528,G
10529,C
10530,G
10531,A
10532,C
10533,C
10534,G
10535,A
10536,T
10537,C
10538,C
10539,C
10540,G
10541,G
10542,A
10543,G
10544,A
10545,A
10546,G
10547,C
10548,C
10549,G
10550,G
10551,C
10552,G
10553,G
10554,G
10555,A
10556,G
10557,C
10558,C
10559,C
10560,C
10561,G
10562,G
10563,G
10564,G
10565,A
10566,G
10567,A
10568,G
10569,T
10570,T
10571,C
10572,T
10573,C
10574,T
10575,T
10576,T
10577,T
10578,C
10579,T
10580,T
10581,T
10582,G
10583,T
10584,G
10585,A
10586,A
10587,G
10588,G
10589,G
10590,C
10591,A
10592,G
10593,G
10594,G
10595,C
10596,G
10597,C
10598,C
10599,C
10600,T
10601,G
10602,G
10603,A
10604,A
10605,T
10606,G
10607,G
10608,G
10609,T
10610,T
10611,C
10612,G
10613,C
10614,C
10615,C
10616,C
10617,G
10618,A
10619,G
10620,A
10621,G
10622,A
10623,G
10624,G
10625,G
10626,G
10627,C
10628,C
10629,C
10630,G
10631,T
10632,G
10633,C
10634,C
10635,T
10636,T
10637,G
10638,G
10639,A
10640,A
10641,A
10642,G
10643,C
10644,G
10645,T
10646,C
10647,G
10648,C
10649,G
10650,G
10651,T
10652,T
10653,C
10654,C
10655,G
10656,G
10657,C
10658,G
10659,G
10660,C
10661,G
10662,T
10663,C
10664,C
10665,G
10666,G
10667,T
10668,G
10669,A
10670,G
10671,C
10672,T
10673,C
10674,T
10675,C
10676,G
10677,C
10678,T
10679,G
10680,G
10681,C
10682,C
10683,C
10684,T
10685,T
10686,G
10687,A
10688,A
10689,A
10690,A
10691,T
10692,C
10693,C
10694,G
10695,G
10696,G
10697,G
10698,G
10699,A
10700,G
10701,A
10702,G
10703,G
10704,G
10705,T
10706,G
10707,T
10708,A
10709,A
10710,A
10711,T
10712,C
10713,T
10714,C
10715,G
10716,C
10717,G
10718,C
10719,C
10720,G
10721,G
10722,G
10723,C
10724,C
10725,G
10726,T
10727,A
10728,C
10729,C
10730,C
10731,A
10732,T
10733,A
10734,T
10735,C
10736,C
10737,G
10738,C
10739,A
10740,G
10741,C
10742,A
10743,G
10744,G
10745,T
10746,C
10747,T
10748,C
10749,C
10750,A
10751,A
10752,G
10753,G
10754,T
10755,G
10756,A
10757,A
10758,C
10759,A
10760,G
10761,C
10762,C
10763,T
10764,C
10765,T
10766,G
10767,G
10768,C
10769,A
10770,T
10771,G
10772,T
10773,T
10774,G
10775,G
10776,A
10777,A
10778,C
10779,A
10780,A
10781,T
10782,G
10783,T
10784,A
10785,G
10786,G
10787,T
10788,A
10789,A
10790,G
10791,G
10792,G
10793,A
10794,A
10795,G
10796,T
10797,C
10798,G
10799,G
10800,C
10801,A
10802,A
10803,G
10804,C
10805,C
10806,G
10807,G
10808,A
10809,T
10810,C
10811,C
10812,G
10813,T
10814,A
10815,A
10816,C
10817,T
10818,T
10819,C
10820,G
10821,G
10822,G
10823,A
10824,T
10825,A
10826,A
10827,G
10828,G
10829,A
10830,T
10831,T
10832,G
10833,G
10834,C
10835,T
10836,C
10837,T
10838,A
10839,A
10840,G
10841,G
10842,G
10843,C
10844,T
10845,G
10846,G
10847,G
10848,T
10849,C
10850,G
10851,G
10852,T
10853,C
10854,G
10855,G
10856,G
10857,C
10858,T
10859,G
10860,G
10861,G
10862,G
10863,C
10864,G
10865,C
10866,G
10867,A
10868,A
10869,G
10870,C
10871,G
10872,G
10873,G
10874,G
10875,C
10876,T
10877,G
10878,G
10879,G
10880,C
10881,G
10882,C
10883,G
10884,C
10885,G
10886,C
10887,C
10888,G
10889,C
10890,G
10891,G
10892,C
10893,T
10894,G
10895,G
10896,A
10897,C
10898,G
10899,A
10900,G
10901,G
10902,C
10903,G
10904,C
10905,C
10906,G
10907,C
10908,C
10909,G
10910,C
10911,C
10912,C
10913,C
10914,C
10915,C
10916,C
10917,C
10918,A
10919,C
10920,G
10921,C
10922,C
10923,C
10924,G
10925,G
10926,G
10927,G
10928,C
10929,A
10930,C
10931,C
10932,C
10933,C
10934,C
10935,C
10936,T
10937,C
10938,G
10939,C
10940,G
10941,G
10942,C
10943,C
10944,C
10945,T
10946,C
10947,C
10948,C
10949,C
10950,C
10951,G
10952,C
10953,C
10954,C
10955,C
10956,A
10957,C
10958,C
10959,C
10960,C
10961,G
10962,C
10963,G
10964,C
10965,G
10966,C
10967,G
10968,C
10969,C
10970,G
10971,C
10972,T
10973,C
10974,G
10975,C
10976,T
10977,C
10978,C
10979,C
10980,T
10981,C
10982,C
10983,C
10984,C
10985,A
10986,C
10987,C
10988,C
10989,C
10990,G
10991,C
10992,G
10993,C
10994,C
10995,C
10996,T
10997,C
10998,T
10999,C
11000,T
11001,C
11002,T
11003,C
11004,T
11005,C
11006,T
11007,C
11008,T
11009,C
11010,T
11011,C
11012,C
11013,C
11014,C
11015,C
11016,G
11017,C
11018,T
11019,C
11020,C
11021,C
11022,C
11023,G
11024,T
11025,C
11026,C
11027,T
11028,C
11029,C
11030,C
11031,C
11032,C
11033,C
11034,T
11035,C
11036,C
11037,C
11038,C
11039,G
11040,G
11041,G
11042,G
11043,G
11044,A
11045,G
11046,C
11047,G
11048,C
11049,C
11050,G
11051,C
11052,G
11053,T
11054,G
11055,G
11056,G
11057,G
11058,G
11059,C
11060,G
11061,G
11062,C
11063,G
11064,G
11065,C
11066,G
11067,G
11068,G
11069,G
11070,G
11071,G
11072,A
11073,G
11074,A
11075,A
11076,G
11077,G
11078,G
11079,T
11080,C
11081,G
11082,G
11083,G
11084,G
11085,C
11086,G
11087,G
11088,C
11089,A
11090,G
11091,G
11092,G
11093,G
11094,C
11095,C
11096,G
11097,G
11098,C
11099,G
11100,G
11101,C
11102,G
11103,G
11104,C
11105,C
11106,C
11107,G
11108,C
11109,C
11110,G
11111,G
11112,G
11113,G
11114,C
11115,C
11116,C
11117,G
11118,G
11119,C
11120,C
11121,G
11122,G
11123,C
11124,G
11125,G
11126,G
11127,G
11128,G
11129,C
11130,A
11131,C
11132,G
11133,G
11134,T
11135,C
11136,C
11137,C
11138,C
11139,C
11140,G
11141,C
11142,G
11143,A
11144,G
11145,G
11146,G
11147,G
11148,G
11149,G
11150,C
11151,C
11152,C
11153,G
11154,G
11155,G
11156,C
11157,A
11158,C
11159,C
11160,C
11161,G
11162,G
11163,G
11164,G
11165,G
11166,G
11167,C
11168,C
11169,G
11170,G
11171,C
11172,G
11173,G
11174,C
11175,G
11176,G
11177,C
11178,G
11179,G
11180,C
11181,G
11182,A
11183,C
11184,T
11185,C
11186,T
11187,G
11188,G
11189,A
11190,C
11191,G
11192,C
11193,G
11194,A
11195,G
11196,C
11197,C
11198,G
11199,G
11200,G
11201,C
11202,C
11203,C
11204,T
11205,T
11206,C
11207,C
11208,C
11209,G
11210,T
11211,G
11212,G
11213,A
11214,T
11215,C
11216,G
11217,C
11218,C
11219,C
11220,C
11221,A
11222,G
11223,C
11224,T
11225,G
11226,C
11227,G
11228,G
11229,C
11230,G
11231,G
11232,G
11233,C
11234,G
11235,T
11236,C
11237,G
11238,C
11239,G
11240,G
11241,C
11242,C
11243,G
11244,C
11245,C
11246,C
11247,C
11248,C
11249,G
11250,G
11251,G
11252,G
11253,A
11254,G
11255,C
11256,C
11257,C
11258,G
11259,G
11260,C
11261,G
11262,G
11263,C
11264,G
11265,G
11266,C
11267,G
11268,C
11269,G
11270,G
11271,C
11272,G
11273,C
11274,G
11275,C
11276,C
11277,C
11278,C
11279,C
11280,C
11281,A
11282,C
11283,C
11284,C
11285,C
11286,C
11287,A
11288,C
11289,C
11290,C
11291,C
11292,A
11293,C
11294,G
11295,T
11296,C
11297,T
11298,C
11299,G
11300,T
11301,C
11302,G
11303,C
11304,G
11305,C
11306,G
11307,C
11308,G
11309,C
11310,G
11311,T
11312,C
11313,C
11314,G
11315,C
11316,T
11317,G
11318,G
11319,G
11320,G
11321,G
11322,C
11323,G
11324,G
11325,G
11326,G
11327,A
11328,G
11329,C
11330,G
11331,G
11332,T
11333,C
11334,G
11335,G
11336,G
11337,C
11338,G
11339,G
11340,C
11341,G
11342,G
11343,C
11344,G
11345,G
11346,T
11347,C
11348,G
11349,G
11350,C
11351,G
11352,G
11353,G
11354,C
11355,G
11356,G
11357,C
11358,G
11359,G
11360,G
11361,G
11362,C
11363,G
11364,G
11365,G
11366,G
11367,C
11368,G
11369,G
11370,T
11371,T
11372,C
11373,G
11374,T
11375,C
11376,C
11377,C
11378,C
11379,C
11380,C
11381,G
11382,C
11383,C
11384,C
11385,T
11386,A
11387,C
11388,C
11389,C
11390,C
11391,C
11392,C
11393,C
11394,G
11395,G
11396,C
11397,C
11398,C
11399,C
11400,G
11401,T
11402,C
11403,C
11404,G
11405,C
11406,C
11407,C
11408,C
11409,C
11410,C
11411,G
11412,T
11413,T
11414,C
11415,C
11416,C
11417,C
11418,C
11419,C
11420,T
11421,C
11422,C
11423,T
11424,C
11425,C
11426,T
11427,C
11428,G
11429,G
11430,C
11431,G
11432,C
11433,G
11434,C
11435,G
11436,G
11437,C
11438,G
11439,G
11440,C
11441,G
11442,G
11443,C
11444,G
11445,G
11446,C
11447,G
11448,G
11449,C
11450,A
11451,G
11452,G
11453,C
11454,G
11455,G
11456,C
11457,G
11458,G
11459,A
11460,G
11461,G
11462,G
11463,G
11464,C
11465,C
11466,G
11467,C
11468,G
11469,G
11470,G
11471,C
11472,C
11473,G
11474,G
11475,T
11476,C
11477,C
11478,C
11479,C
11480,C
11481,C
11482,C
11483,G
11484,C
11485,C
11486,G
11487,G
11488,G
11489,T
11490,C
11491,C
11492,G
11493,C
11494,C
11495,C
11496,C
11497,C
11498,G
11499,G
11500,G
11501,G
11502,C
11503,C
11504,G
11505,C
11506,G
11507,G
11508,T
11509,T
11510,C
11511,C
11512,G
11513,C
11514,G
11515,C
11516,G
11517,G
11518,C
11519,G
11520,C
11521,C
11522,T
11523,C
11524,G
11525,C
11526,C
11527,T
11528,C
11529,G
11530,G
11531,C
11532,C
11533,G
11534,G
11535,C
11536,G
11537,C
11538,C
11539,T
11540,A
11541,G
11542,C
11543,A
11544,G
11545,C
11546,C
11547,G
11548,A
11549,C
11550,T
11551,T
11552,A
11553,G
11554,A
11555,A
11556,C
11557,T
11558,G
11559,G
11560,T
11561,G
11562,C
11563,G
11564,G
11565,A
11566,C
11567,C
11568,A
11569,G
11570,G
11571,G
11572,G
11573,A
11574,A
11575,T
11576,C
11577,C
11578,G
11579,A
11580,C
11581,T
11582,G
11583,T
11584,T
11585,T
11586,A
11587,A
11588,T
11589,T
11590,A
11591,A
11592,A
11593,A
11594,C
11595,A
11596,A
11597,A
11598,G
11599,C
11600,A
11601,T
11602,C
11603,G
11604,C
11605,G
11606,A
11607,A
11608,G
11609,G
11610,C
11611,C
11612,C
11613,G
11614,C
11615,G
11616,G
11617,C
11618,G
11619,G
11620,G
11621,T
11622,G
11623,T
11624,T
11625,G
11626,A
11627,C
11628,G
11629,C
11630,G
11631,A
11632,T
11633,G
11634,T
11635,G
11636,A
11637,T
11638,T
11639,T
11640,C
11641,T
11642,G
11643,C
11644,C
11645,C
11646,A
11647,G
11648,T
11649,G
11650,C
11651,T
11652,C
11653,T
11654,G
11655,A
11656,A
11657,T
11658,G
11659,T
11660,C
11661,A
11662,A
11663,A
11664,G
11665,T
11666,G
11667,A
11668,A
11669,G
11670,A
11671,A
11672,A
11673,T
11674,T
11675,C
11676,A
11677,A
11678,T
11679,G
11680,A
11681,A
11682,G
11683,C
11684,G
11685,C
11686,G
11687,G
11688,G
11689,T
11690,A
11691,A
11692,A
11693,C
11694,G
11695,G
11696,C
11697,G
11698,G
11699,G
11700,A
11701,G
11702,T
11703,A
11704,A
11705,C
11706,T
11707,A
11708,T
11709,G
11710,A
11711,C
11712,T
11713,C
11714,T
11715,C
11716,T
11717,T
11718,A
11719,A
11720,G
11721,G
11722,T
11723,A
11724,G
11725,C
11726,C
11727,A
11728,A
11729,A
11730,T
11731,G
11732,C
11733,C
11734,T
11735,C
11736,G
11737,T
11738,C
11739,A
11740,T
11741,C
11742,T
11743,A
11744,A
11745,T
11746,T
11747,A
11748,G
11749,T
11750,G
11751,A
11752,C
11753,G
11754,C
11755,G
11756,C
11757,A
11758,T
11759,G
11760,A
11761,A
11762,T
11763,G
11764,G
11765,A
11766,T
11767,G
11768,A
11769,A
11770,C
11771,G
11772,A
11773,G
11774,A
11775,T
11776,T
11777,C
11778,C
11779,C
11780,A
11781,C
11782,T
11783,G
11784,T
11785,C
11786,C
11787,C
11788,T
11789,A
11790,C
11791,C
11792,T
11793,A
11794,C
11795,T
11796,A
11797,T
11798,C
11799,C
11800,A
11801,G
11802,C
11803,G
11804,A
11805,A
11806,A
11807,C
11808,C
11809,A
11810,C
11811,A
11812,G
11813,C
11814,C
11815,A
11816,A
11817,G
11818,G
11819,G
11820,A
11821,A
11822,C
11823,G
11824,G
11825,G
11826,C
11827,T
11828,T
11829,G
11830,G
11831,C
11832,G
11833,G
11834,A
11835,A
11836,T
11837,C
11838,A
11839,G
11840,C
11841,G
11842,G
11843,G
11844,G
11845,A
11846,A
11847,A
11848,G
11849,A
11850,A
11851,G
11852,A
11853,C
11854,C
11855,C
11856,T
11857,G
11858,T
11859,T
11860,G
11861,A
11862,G
11863,C
11864,T
11865,T
11866,G
11867,A
11868,C
11869,T
11870,C
11871,T
11872,A
11873,G
11874,T
11875,C
11876,T
11877,G
11878,G
11879,C
11880,A
11881,C
11882,G
11883,G
11884,T
11885,G
11886,A
11887,A
11888,G
11889,A
11890,G
11891,A
11892,C
11893,A
11894,T
11895,G
11896,A
11897,G
11898,A
11899,G
11900,G
11901,T
11902,G
11903,T
11904,A
11905,G
11906,A
11907,A
11908,T
11909,A
11910,A
11911,G
11912,T
11913,G
11914,G
11915,G
11916,A
11917,G
11918,G
11919,C
11920,C
11921,C
11922,C
11923,C
11924,G
11925,G
11926,C
11927,G
11928,C
11929,C
11930,C
11931,C
11932,C
11933,C
11934,C
11935,G
11936,G
11937,T
11938,G
11939,T
11940,C
11941,C
11942,C
11943,C
11944,G
11945,C
11946,G
11947,A
11948,G
11949,G
11950,G
11951,G
11952,C
11953,C
11954,C
11955,G
11956,G
11957,G
11958,G
11959,C
11960,G
11961,G
11962,G
11963,G
11964,T
11965,C
11966,C
11967,G
11968,C
11969,C
11970,G
11971,G
11972,C
11973,C
11974,C
11975,T
11976,G
11977,C
11978,G
11979,G
11980,G
11981,C
11982,C
11983,G
11984,C
11985,C
11986,G
11987,G
11988,T
11989,G
11990,A
11991,A
11992,A
11993,T
11994,A
11995,C
11996,C
11997,A
11998,C
11999,T
12000,A
12001,C
12002,T
12003,C
12004,T
12005,G
12006,A
12007,T
12008,C
12009,G
12010,T
12011,T
12012,T
12013,T
12014,T
12015,T
12016,C
12017,A
12018,C
12019,T
12020,G
12021,A
12022,C
12023,C
12024,C
12025,G
12026,G
12027,T
12028,G
12029,A
12030,G
12031,G
12032,C
12033,G
12034,G
12035,G
12036,G
12037,G
12038,G
12039,G
12040,C
12041,G
12042,A
12043,G
12044,C
12045,C
12046,C
12047,C
12048,G
12049,A
12050,G
12051,G
12052,G
12053,G
12054,C
12055,T
12056,C
12057,T
12058,C
12059,G
12060,C
12061,T
12062,T
12063,C
12064,T
12065,G
12066,G
12067,C
12068,G
12069,C
12070,C
12071,A
12072,A
12073,G
12074,C
12075,G
12076,C
12077,C
12078,C
12079,G
12080,G
12081,C
12082,C
12083,G
12084,C
12085,G
12086,C
12087,G
12088,C
12089,C
12090,G
12091,G
12092,C
12093,C
12094,G
12095,G
12096,G
12097,C
12098,G
12099,C
12100,G
12101,A
12102,C
12103,C
12104,C
12105,G
12106,C
12107,T
12108,C
12109,C
12110,G
12111,G
12112,G
12113,G
12114,A
12115,C
12116,A
12117,G
12118,T
12119,G
12120,C
12121,C
12122,A
12123,G
12124,G
12125,T
12126,G
12127,G
12128,G
12129,G
12130,A
12131,G
12132,T
12133,T
12134,T
12135,G
12136,A
12137,C
12138,T
12139,G
12140,G
12141,G
12142,G
12143,C
12144,G
12145,G
12146,T
12147,A
12148,C
12149,A
12150,C
12151,C
12152,T
12153,G
12154,T
12155,C
12156,A
12157,A
12158,A
12159,C
12160,G
12161,G
12162,T
12163,A
12164,A
12165,C
12166,G
12167,C
12168,A
12169,G
12170,G
12171,T
12172,G
12173,T
12174,C
12175,C
12176,T
12177,A
12178,A
12179,G
12180,G
12181,C
12182,G
12183,A
12184,G
12185,C
12186,T
12187,C
12188,A
12189,G
12190,G
12191,G
12192,A
12193,G
12194,G
12195,A
12196,C
12197,A
12198,G
12199,A
12200,A
12201,A
12202,C
12203,C
12204,T
12205,C
12206,C
12207,C
12208,G
12209,T
12210,G
12211,G
12212,A
12213,G
12214,C
12215,A
12216,G
12217,A
12218,A
12219,G
12220,G
12221,G
12222,C
12223,A
12224,A
12225,A
12226,A
12227,G
12228,C
12229,T
12230,C
12231,G
12232,C
12233,T
12234,T
12235,G
12236,A
12237,T
12238,C
12239,T
12240,T
12241,G
12242,A
12243,T
12244,T
12245,T
12246,T
12247,C
12248,A
12249,G
12250,T
12251,A
12252,C
12253,G
12254,A
12255,A
12256,T
12257,A
12258,C
12259,A
12260,G
12261,A
12262,C
12263,C
12264,G
12265,T
12266,G
12267,A
12268,A
12269,A
12270,G
12271,C
12272,G
12273,G
12274,G
12275,G
12276,C
12277,C
12278,T
12279,C
12280,A
12281,C
12282,G
12283,A
12284,T
12285,C
12286,C
12287,T
12288,T
12289,C
12290,T
12291,G
12292,A
12293,C
12294,C
12295,T
12296,T
12297,T
12298,T
12299,G
12300,G
12301,G
12302,T
12303,T
12304,T
12305,T
12306,A
12307,A
12308,G
12309,C
12310,A
12311,G
12312,G
12313,A
12314,G
12315,G
12316,T
12317,G
12318,T
12319,C
12320,A
12321,G
12322,A
12323,A
12324,A
12325,A
12326,G
12327,T
12328,T
12329,A
12330,C
12331,C
12332,A
12333,C
12334,A
12335,G
12336,G
12337,G
12338,A
12339,T
12340,A
12341,A
12342,C
12343,T
12344,G
12345,G
12346,C
12347,T
12348,T
12349,G
12350,T
12351,G
12352,G
12353,C
12354,G
12355,G
12356,C
12357,C
12358,A
12359,A
12360,G
12361,C
12362,G
12363,T
12364,T
12365,C
12366,A
12367,T
12368,A
12369,G
12370,C
12371,G
12372,A
12373,C
12374,G
12375,T
12376,C
12377,G
12378,C
12379,T
12380,T
12381,T
12382,T
12383,T
12384,G
12385,A
12386,T
12387,C
12388,C
12389,T
12390,T
12391,C
12392,G
12393,A
12394,T
12395,G
12396,T
12397,C
12398,G
12399,G
12400,C
12401,T
12402,C
12403,T
12404,T
12405,C
12406,C
12407,T
12408,A
12409,T
12410,C
12411,A
12412,T
12413,T
12414,G
12415,T
12416,G
12417,A
12418,A
12419,G
12420,C
12421,A
12422,G
12423,A
12424,A
12425,T
12426,T
12427,C
12428,A
12429,C
12430,C
12431,A
12432,A
12433,G
12434,C
12435,G
12436,T
12437,T
12438,G
12439,G
12440,A
12441,T
12442,T
12443,G
12444,T
12445,T
12446,C
12447,A
12448,C
12449,C
12450,C
12451,A
12452,C
12453,T
12454,A
12455,A
12456,T
12457,A
12458,G
12459,G
12460,G
12461,A
12462,A
12463,C
12464,G
12465,T
12466,G
12467,A
12468,G
12469,C
12470,T
12471,G
12472,G
12473,G
12474,T
12475,T
12476,T
12477,A
12478,G
12479,A
12480,C
12481,C
12482,G
12483,T
12484,C
12485,G
12486,T
12487,G
12488,A
12489,G
12490,A
12491,C
12492,A
12493,G
12494,G
12495,T
12496,T
12497,A
12498,G
12499,T
12500,T
12501,T
12502,T
12503,A
12504,C
12505,C
12506,C
12507,T
12508,A
12509,C
12510,T
12511,G
12512,A
12513,T
12514,G
12515,A
12516,T
12517,G
12518,T
12519,G
12520,T
12521,T
12522,G
12523,T
12524,T
12525,G
12526,C
12527,C
12528,A
12529,T
12530,G
12531,G
12532,T
12533,A
12534,A
12535,T
12536,C
12537,C
12538,T
12539,G
12540,C
12541,T
12542,C
12543,A
12544,G
12545,T
12546,A
12547,C
12548,G
12549,A
12550,G
12551,A
12552,G
12553,G
12554,A
12555,A
12556,C
12557,C
12558,G
12559,C
12560,A
12561,G
12562,G
12563,T
12564,T
12565,C
12566,A
12567,G
12568,A
12569,C
12570,A
12571,T
12572,T
12573,T
12574,G
12575,G
12576,T
12577,G
12578,T
12579,A
12580,T
12581,G
12582,T
12583,G
12584,C
12585,T
12586,T
12587,G
12588,G
12589,C
12590,T
12591,G
12592,A
12593,G
12594,G
12595,A
12596,G
12597,C
12598,C
12599,A
12600,A
12601,T
12602,G
12603,G
12604,G
12605,G
12606,C
12607,G
12608,A
12609,A
12610,G
12611,C
12612,T
12613,A
12614,C
12615,C
12616,A
12617,T
12618,C
12619,T
12620,G
12621,T
12622,G
12623,G
12624,G
12625,A
12626,T
12627,T
12628,A
12629,T
12630,G
12631,A
12632,C
12633,T
12634,G
12635,A
12636,A
12637,C
12638,G
12639,C
12640,C
12641,T
12642,C
12643,T
12644,A
12645,A
12646,G
12647,T
12648,C
12649,A
12650,G
12651,A
12652,A
12653,T
12654,C
12655,C
12656,C
12657,G
12658,C
12659,C
12660,C
12661,A
12662,G
12663,G
12664,C
12665,G
12666,G
12667,A
12668,A
12669,C
12670,G
12671,A
12672,T
12673,A
12674,C
12675,G
12676,G
12677,C
12678,A
12679,G
12680,C
12681,G
12682,C
12683,C
12684,G
12685,C
12686,G
12687,G
12688,A
12689,G
12690,C
12691,C
12692,T
12693,C
12694,G
12695,G
12696,T
12697,T
12698,G
12699,G
12700,C
12701,C
12702,T
12703,C
12704,G
12705,G
12706,A
12707,T
12708,A
12709,G
12710,C
12711,C
12712,G
12713,G
12714,T
12715,C
12716,C
12717,C
12718,C
12719,C
12720,G
12721,C
12722,C
12723,T
12724,G
12725,T
12726,C
12727,C
12728,C
12729,C
12730,G
12731,C
12732,C
12733,G
12734,G
12735,C
12736,G
12737,G
12738,G
12739,C
12740,C
12741,G
12742,C
12743,C
12744,C
12745,C
12746,C
12747,C
12748,C
12749,C
12750,T
12751,C
12752,C
12753,A
12754,C
12755,G
12756,C
12757,G
12758,C
12759,C
12760,C
12761,C
12762,G
12763,C
12764,G
12765,C
12766,G
12767,C
12768,G
12769,C
12770,G
12771,G
12772,G
12773,A
12774,G
12775,G
12776,G
12777,C
12778,G
12779,C
12780,G
12781,T
12782,G
12783,C
12784,C
12785,C
12786,C
12787,G
12788,C
12789,C
12790,G
12791,C
12792,G
12793,C
12794,G
12795,C
12796,C
12797,G
12798,G
12799,G
12800,A
12801,C
12802,C
12803,G
12804,G
12805,G
12806,G
12807,T
12808,C
12809,C
12810,G
12811,G
12812,T
12813,G
12814,C
12815,G
12816,G
12817,A
12818,G
12819,T
12820,G
12821,C
12822,C
12823,C
12824,T
12825,T
12826,C
12827,G
12828,T
12829,C
12830,C
12831,T
12832,G
12833,G
12834,G
12835,A
12836,A
12837,A
12838,C
12839,G
12840,G
12841,G
12842,G
12843,C
12844,G
12845,C
12846,G
12847,G
12848,C
12849,C
12850,G
12851,G
12852,A
12853,A
12854,A
12855,G
12856,G
12857,C
12858,G
12859,G
12860,C
12861,C
12862,G
12863,C
12864,C
12865,C
12866,C
12867,C
12868,T
12869,C
12870,G
12871,C
12872,C
12873,C
12874,G
12875,T
12876,C
12877,A
12878,C
12879,G
12880,C
12881,A
12882,C
12883,C
12884,G
12885,C
12886,A
12887,C
12888,G
12889,T
12890,T
12891,C
12892,G
12893,T
12894,G
12895,G
12896,G
12897,G
12898,A
12899,A
12900,C
12901,C
12902,T
12903,G
12904,G
12905,C
12906,G
12907,C
12908,T
12909,A
12910,A
12911,A
12912,C
12913,C
12914,A
12915,T
12916,T
12917,C
12918,G
12919,T
12920,A
12921,G
12922,A
12923,C
12924,G
12925,A
12926,C
12927,C
12928,T
12929,G
12930,C
12931,T
12932,T
12933,C
12934,T
12935,G
12936,G
12937,G
12938,T
12939,C
12940,G
12941,G
12942,G
12943,G
12944,T
12945,T
12946,T
12947,C
12948,G
12949,T
12950,A
12951,C
12952,G
12953,T
12954,A
12955,G
12956,C
12957,A
12958,G
12959,A
12960,G
12961,C
12962,A
12963,G
12964,C
12965,T
12966,C
12967,C
12968,C
12969,T
12970,C
12971,G
12972,C
12973,T
12974,G
12975,C
12976,G
12977,A
12978,T
12979,C
12980,T
12981,A
12982,T
12983,T
12984,G
12985,A
12986,A
12987,A
12988,G
12989,T
12990,C
12991,A
12992,G
12993,C
12994,C
12995,C
12996,T
12997,C
12998,G
12999,A
13000,C
13001,A
13002,C
13003,A
13004,A
13005,G
13006,G
13007,G
13008,T
13009,T
13010,T
13011,G
13012,T
13013,C
13014,C
13015,G
13016,C
13017,G
13018,C
13019,G
13020,C
13021,G
13022,C
13023,G
13024,T
13025,G
13026,C
13027,G
13028,T
13029,G
13030,C
13031,G
13032,G
13033,G
13034,G
13035,G
13036,G
13037,C
13038,C
13039,C
13040,G
13041,G
13042,C
13043,G
13044,G
13045,G
13046,G
13047,C
13048,G
13049,T
13050,G
13051,C
13052,G
13053,C
13054,G
13055,T
13056,C
13057,C
13058,G
13059,G
13060,C
13061,G
13062,C
13063,C
13064,G
13065,T
13066,C
13067,C
13068,G
13069,T
13070,C
13071,C
13072,T
13073,T
13074,C
13075,C
13076,G
13077,T
13078,T
13079,C
13080,G
13081,T
13082,C
13083,T
13084,T
13085,C
13086,C
13087,T
13088,C
13089,C
13090,C
13091,T
13092,C
13093,C
13094,C
13095,G
13096,G
13097,C
13098,C
13099,T
13100,C
13101,T
13102,C
13103,C
13104,C
13105,G
13106,C
13107,C
13108,G
13109,A
13110,C
13111,C
13112,G
13113,C
13114,G
13115,G
13116,G
13117,C
13118,G
13119,T
13120,G
13121,G
13122,T
13123,G
13124,G
13125,T
13126,G
13127,G
13128,G
13129,G
13130,G
13131,G
13132,G
13133,G
13134,G
13135,G
13136,G
13137,G
13138,A
13139,G
13140,G
13141,G
13142,C
13143,G
13144,C
13145,G
13146,C
13147,G
13148,A
13149,C
13150,C
13151,C
13152,C
13153,G
13154,G
13155,T
13156,C
13157,G
13158,G
13159,C
13160,G
13161,C
13162,G
13163,C
13164,C
13165,C
13166,C
13167,G
13168,C
13169,T
13170,T
13171,C
13172,T
13173,T
13174,C
13175,G
13176,G
13177,T
13178,T
13179,C
13180,C
13181,C
13182,G
13183,C
13184,C
13185,T
13186,C
13187,C
13188,T
13189,C
13190,C
13191,C
13192,C
13193,G
13194,T
13195,T
13196,C
13197,A
13198,C
13199,C
13200,G
13201,C
13202,C
13203,G
13204,G
13205,G
13206,G
13207,C
13208,G
13209,G
13210,C
13211,T
13212,C
13213,G
13214,T
13215,C
13216,C
13217,G
13218,C
13219,T
13220,C
13221,C
13222,G
13223,G
13224,G
13225,C
13226,C
13227,G
13228,G
13229,G
13230,A
13231,C
13232,G
13233,G
13234,G
13235,G
13236,T
13237,C
13238,C
13239,G
13240,G
13241,G
13242,G
13243,A
13244,G
13245,C
13246,G
13247,T
13248,G
13249,G
13250,T
13251,T
13252,T
13253,G
13254,G
13255,G
13256,A
13257,G
13258,C
13259,C
13260,G
13261,C
13262,G
13263,G
13264,A
13265,G
13266,G
13267,C
13268,G
13269,G
13270,C
13271,C
13272,G
13273,C
13274,G
13275,C
13276,C
13277,G
13278,A
13279,G
13280,C
13281,C
13282,G
13283,G
13284,G
13285,C
13286,C
13287,C
13288,G
13289,T
13290,G
13291,G
13292,C
13293,C
13294,C
13295,G
13296,C
13297,C
13298,G
13299,G
13300,T
13301,C
13302,C
13303,C
13304,C
13305,G
13306,T
13307,C
13308,C
13309,C
13310,G
13311,G
13312,G
13313,G
13314,G
13315,T
13316,T
13317,G
13318,G
13319,C
13320,C
13321,G
13322,C
13323,G
13324,C
13325,G
13326,G
13327,G
13328,C
13329,C
13330,C
13331,C
13332,G
13333,G
13334,T
13335,G
13336,G
13337,G
13338,G
13339,C
13340,G
13341,G
13342,C
13343,C
13344,A
13345,C
13346,C
13347,C
13348,G
13349,G
13350,G
13351,G
13352,T
13353,C
13354,C
13355,C
13356,G
13357,G
13358,C
13359,C
13360,C
13361,T
13362,C
13363,G
13364,C
13365,G
