POS,new_ref,ALT_new,count,file_id
10882,C,G,2,ERR3243102
10882,C,G,2,ERR3241715
10882,C,G,2,ERR3243116
10882,C,G,2,ERR3239679
10882,C,G,2,ERR3239889
7994,G,A,2,ERR3989026
7994,G,A,2,ERR3989032
10882,C,G,2,ERR3239490
12047,G,C,2,ERR3239490
10882,C,G,2,ERR3988853
7994,G,A,2,ERR3239453
524,G,C,2,ERR3988884
10882,C,G,2,ERR3239321
10882,C,G,2,ERR3242156
10882,C,G,2,ERR3239533
10882,C,G,2,ERR3243076
7719,T,C,2,ERR3239902
10882,C,G,2,ERR3243062
7994,G,A,2,ERR3242432
10882,C,G,2,ERR3239725
7994,G,A,2,ERR3241852
10882,C,G,2,ERR3242382
10882,C,G,2,ERR3241853
10882,C,G,2,ERR3243088
10093,C,G,2,ERR3242396
10882,C,G,2,ERR3242396
7719,T,C,2,ERR3240224
7994,G,A,2,ERR3242433
7719,T,C,2,ERR3243063
10882,C,G,2,ERR3243063
7719,T,C,2,ERR3243077
10882,C,G,2,ERR3243077
7719,T,C,2,ERR3242180
7719,T,C,2,ERR3242143
10882,C,G,2,ERR3242143
7994,G,A,2,ERR3989386
10882,C,G,2,ERR3242157
7719,T,C,2,ERR3240026
7719,T,C,2,ERR3239283
10882,C,G,2,ERR3988891
7719,T,C,2,ERR3239334
10882,C,G,2,ERR3988885
673,C,G,2,ERR3242976
10882,C,G,2,ERR3239693
10882,C,G,2,ERR3243117
10882,C,G,2,ERR3243103
10882,C,G,2,ERR3243115
10882,C,G,2,ERR3243101
10882,C,G,2,ERR3241716
10882,C,G,2,ERR3239646
673,C,G,2,ERR3989031
10882,C,G,2,ERR3239652
10882,C,G,2,ERR3242753
673,C,G,2,ERR3239444
674,G,C,2,ERR3240187
10093,C,G,2,ERR3242784
10882,C,G,2,ERR3240018
10882,C,G,2,ERR3242155
7994,G,A,2,ERR3989390
7719,T,C,2,ERR3242800
7719,T,C,2,ERR3239518
7719,T,C,2,ERR3242419
10882,C,G,2,ERR3239915
10882,C,G,2,ERR3243061
10882,C,G,2,ERR3239929
7719,T,C,2,ERR3243049
10882,C,G,2,ERR3243049
10882,C,G,2,ERR3241879
10882,C,G,2,ERR3242394
7994,G,A,2,ERR3989150
10882,C,G,2,ERR3239727
12047,G,C,2,ERR3242395
7719,T,C,2,ERR3242381
7994,G,A,2,ERR3242381
10882,C,G,2,ERR3242381
12047,G,C,2,ERR3242381
7994,G,A,2,ERR3989178
10882,C,G,2,ERR3243048
7719,T,C,2,ERR3239928
10882,C,G,2,ERR3239928
10882,C,G,2,ERR3243074
10882,C,G,2,ERR3243060
12047,G,C,2,ERR3239914
10882,C,G,2,ERR3242632
7719,T,C,2,ERR3239280
10882,C,G,2,ERR3239280
12047,G,C,2,ERR3239280
10882,C,G,2,ERR3242154
7719,T,C,2,ERR3242140
7719,T,C,2,ERR3239294
7994,G,A,2,ERR3239445
7994,G,A,2,ERR3242949
10882,C,G,2,ERR3242746
10882,C,G,2,ERR3988879
10882,C,G,2,ERR3242008
10882,C,G,2,ERR3239653
10882,C,G,2,ERR3239848
10882,C,G,2,ERR3239690
10882,C,G,2,ERR3239874
10882,C,G,2,ERR3243100
7994,G,A,2,ERR3242578
7994,G,A,2,ERR3241703
10882,C,G,2,ERR3243138
7719,T,C,2,ERR3239864
10882,C,G,2,ERR3243104
7994,G,A,2,ERR3988855
10882,C,G,2,ERR3988841
7994,G,A,2,ERR3242742
10882,C,G,2,ERR3988869
10882,C,G,2,ERR3988882
673,C,G,2,ERR3242971
7719,T,C,2,ERR3239290
10882,C,G,2,ERR3242150
7994,G,A,2,ERR3989395
7719,T,C,2,ERR3239509
10882,C,G,2,ERR3243058
7719,T,C,2,ERR3243070
10882,C,G,2,ERR3241854
10882,C,G,2,ERR3242391
7994,G,A,2,ERR3989169
7994,G,A,2,ERR3239722
10882,C,G,2,ERR3242384
7719,T,C,2,ERR3242409
10882,C,G,2,ERR3241896
10882,C,G,2,ERR3243059
7994,G,A,2,ERR3242421
7661,G,C,2,ERR3242810
10882,C,G,2,ERR3239520
12047,G,C,2,ERR3239520
10882,C,G,2,ERR3242838
10882,C,G,2,ERR3242151
10882,C,G,2,ERR3242145
7719,T,C,2,ERR3239468
10882,C,G,2,ERR3239454
12047,G,C,2,ERR3239454
10882,C,G,2,ERR3988883
10882,C,G,2,ERR3239332
7994,G,A,2,ERR3242958
7719,T,C,2,ERR3242031
10882,C,G,2,ERR3239656
10882,C,G,2,ERR3243111
10882,C,G,2,ERR3239865
10882,C,G,2,ERR3241706
7994,G,A,2,ERR3242541
7719,T,C,2,ERR3243139
10882,C,G,2,ERR3243139
10882,C,G,2,ERR3241710
7719,T,C,2,ERR3239330
7719,T,C,2,ERR3239324
10882,C,G,2,ERR3242153
10882,C,G,2,ERR3242147
2553,G,C,2,ERR3989341
7719,T,C,2,ERR3241894
10882,C,G,2,ERR3243073
7719,T,C,2,ERR3243067
10882,C,G,2,ERR3243067
12047,G,C,2,ERR3242392
7994,G,A,2,ERR3989157
7994,G,A,2,ERR3242386
10882,C,G,2,ERR3242386
10882,C,G,2,ERR3243098
10882,C,G,2,ERR3243099
10882,C,G,2,ERR3242393
10882,C,G,2,ERR3242378
10882,C,G,2,ERR3241671
10882,C,G,2,ERR3241895
7719,T,C,2,ERR3240221
10882,C,G,2,ERR3240221
7719,T,C,2,ERR3240037
10882,C,G,2,ERR3242152
7719,T,C,2,ERR3239319
10882,C,G,2,ERR3242973
10882,C,G,2,ERR3239443
10882,C,G,2,ERR3240194
10882,C,G,2,ERR3240143
7719,T,C,2,ERR3242754
10882,C,G,2,ERR3242740
10882,C,G,2,ERR3239872
10882,C,G,2,ERR3243106
10882,C,G,2,ERR3239801
10882,C,G,2,ERR3241986
10882,C,G,2,ERR3989092
7719,T,C,2,ERR3243149
10882,C,G,2,ERR3243149
10093,C,T,2,ERR3989079
10882,C,G,2,ERR3989079
10882,C,G,2,ERR3242069
7719,T,C,2,ERR3240118
10882,C,G,2,ERR3242727
7719,T,C,2,ERR3239418
10882,C,G,2,ERR3242096
7719,T,C,2,ERR3242928
10882,C,G,2,ERR3239342
7719,T,C,2,ERR3240050
7719,T,C,2,ERR3239578
10882,C,G,2,ERR3988763
7719,T,C,2,ERR3242684
10882,C,G,2,ERR3243015
10882,C,G,2,ERR3239785
10882,C,G,2,ERR3242451
12047,G,C,2,ERR3241830
7719,T,C,2,ERR3239948
7719,T,C,2,ERR3242450
10882,C,G,2,ERR3240247
10882,C,G,2,ERR3239974
7719,T,C,2,ERR3242685
10882,C,G,2,ERR3242849
10882,C,G,2,ERR3242120
10882,C,G,2,ERR3240045
7719,T,C,2,ERR3242083
10882,C,G,2,ERR3242083
7719,T,C,2,ERR3239419
10882,C,G,2,ERR3239419
10882,C,G,2,ERR3988831
10882,C,G,2,ERR3239394
10882,C,G,2,ERR3988825
10882,C,G,2,ERR3242068
7719,T,C,2,ERR3239627
7994,G,A,2,ERR3989078
10882,C,G,2,ERR3989078
10882,C,G,2,ERR3989087
7719,T,C,2,ERR3242242
10093,C,G,2,ERR3242518
10093,C,G,2,ERR3242268
10882,C,G,2,ERR3239802
10882,C,G,2,ERR3241775
10882,C,G,2,ERR3239816
10882,C,G,2,ERR3243162
7994,G,A,2,ERR3242532
10882,C,G,2,ERR3242240
10882,C,G,2,ERR3241991
12047,G,C,2,ERR3239625
10882,C,G,2,ERR3240127
7994,G,A,2,ERR3239341
10882,C,G,2,ERR3242095
7719,T,C,2,ERR3239355
7661,G,C,2,ERR3240053
10882,C,G,2,ERR3242644
10882,C,G,2,ERR3239584
7719,T,C,2,ERR3242650
10882,C,G,2,ERR3988953
10093,C,G,2,ERR3240047
7719,T,C,2,ERR3242863
7719,T,C,2,ERR3239553
10882,C,G,2,ERR3243016
10882,C,G,2,ERR3239989
10882,C,G,2,ERR3242485
10882,C,G,2,ERR3242484
10882,C,G,2,ERR3240244
10882,C,G,2,ERR3239787
10882,C,G,2,ERR3239793
10882,C,G,2,ERR3243017
7719,T,C,2,ERR3242876
10882,C,G,2,ERR3242862
7719,T,C,2,ERR3242137
7719,T,C,2,ERR3239585
10882,C,G,2,ERR3240046
10882,C,G,2,ERR3242123
10882,C,G,2,ERR3242094
7994,G,A,2,ERR3239426
7719,T,C,2,ERR3242725
10882,C,G,2,ERR3239624
10882,C,G,2,ERR3239618
10882,C,G,2,ERR3989090
7719,T,C,2,ERR3242533
7719,T,C,2,ERR3242269
10882,C,G,2,ERR3242269
10882,C,G,2,ERR3241758
10882,C,G,2,ERR3989080
7719,T,C,2,ERR3241994
10882,C,G,2,ERR3242523
7994,G,A,2,ERR3239620
10882,C,G,2,ERR3239620
10882,C,G,2,ERR3989057
7994,G,A,2,ERR3989043
7719,T,C,2,ERR3242053
7994,G,A,2,ERR3242735
10882,C,G,2,ERR3242721
10882,C,G,2,ERR3988822
7661,G,C,2,ERR3242709
10882,C,G,2,ERR3239350
10882,C,G,2,ERR3242084
10882,C,G,2,ERR3239378
10882,C,G,2,ERR3988942
10882,C,G,2,ERR3242641
12047,G,C,2,ERR3242641
10882,C,G,2,ERR3240042
7719,T,C,2,ERR3242133
10882,C,G,2,ERR3242133
10882,C,G,2,ERR3240095
10882,C,G,2,ERR3239542
10882,C,G,2,ERR3988771
10882,C,G,2,ERR3239797
7719,T,C,2,ERR3242319
10882,C,G,2,ERR3239973
12047,G,C,2,ERR3243013
10882,C,G,2,ERR3241837
7719,T,C,2,ERR3239999
7994,G,A,2,ERR3242481
7719,T,C,2,ERR3241836
10882,C,G,2,ERR3243012
10882,C,G,2,ERR3239796
10882,C,G,2,ERR3988957
10882,C,G,2,ERR3242654
10882,C,G,2,ERR3242898
10882,C,G,2,ERR3242085
10882,C,G,2,ERR3242091
10882,C,G,2,ERR3239392
10882,C,G,2,ERR3988837
7994,G,A,2,ERR3989081
10882,C,G,2,ERR3989081
7719,T,C,2,ERR3242250
10093,C,G,2,ERR3241981
7994,G,A,2,ERR3989095
10882,C,G,2,ERR3989095
7719,T,C,2,ERR3242520
10882,C,G,2,ERR3241997
524,G,C,2,ERR3989083
10882,C,G,2,ERR3989083
10882,C,G,2,ERR3989097
10882,C,G,2,ERR3241983
10882,C,G,2,ERR3241773
7719,T,C,2,ERR3239804
10882,C,G,2,ERR3239637
7719,T,C,2,ERR3241798
10882,C,G,2,ERR3241968
10882,C,G,2,ERR3989068
7994,G,A,2,ERR3239390
10882,C,G,2,ERR3240121
10882,C,G,2,ERR3242736
10093,C,G,2,ERR3242078
10882,C,G,2,ERR3242078
3635,C,G,2,ERR3242087
7719,T,C,2,ERR3242087
10882,C,G,2,ERR3239347
10882,C,G,2,ERR3242093
10882,C,G,2,ERR3239409
10882,C,G,2,ERR3242124
10882,C,G,2,ERR3242118
10882,C,G,2,ERR3988982
10882,C,G,2,ERR3239555
10882,C,G,2,ERR3988766
10882,C,G,2,ERR3240243
10882,C,G,2,ERR3243010
673,C,G,2,ERR3239743
10882,C,G,2,ERR3989108
10882,C,G,2,ERR3989109
10882,C,G,2,ERR3239756
10882,C,G,2,ERR3242482
12047,G,C,2,ERR3242482
673,C,G,2,ERR3239971
673,C,G,2,ERR3242469
7719,T,C,2,ERR3239795
7994,G,A,2,ERR3242333
7719,T,C,2,ERR3242864
10882,C,G,2,ERR3242643
10882,C,G,2,ERR3988798
10093,C,G,2,ERR3242125
10882,C,G,2,ERR3242125
7799,T,C,2,ERR3988954
10882,C,G,2,ERR3242657
7719,T,C,2,ERR3242910
7719,T,C,2,ERR3242904
10882,C,G,2,ERR3242092
7994,G,A,2,ERR3239434
10882,C,G,2,ERR3242737
10882,C,G,2,ERR3988834
2392,C,G,2,ERR3240120
10093,C,G,2,ERR3240120
10882,C,G,2,ERR3989069
10882,C,G,2,ERR3239622
7994,G,A,2,ERR3239636
10882,C,G,2,ERR3989096
7719,T,C,2,ERR3242521
10882,C,G,2,ERR3989082
10882,C,G,2,ERR3241743
10093,C,G,2,ERR3243154
10882,C,G,2,ERR3243154
7719,T,C,2,ERR3989064
10882,C,G,2,ERR3240139
10882,C,G,2,ERR3242074
3090,C,G,2,ERR3988811
7994,G,A,2,ERR3239439
7719,T,C,2,ERR3239377
7994,G,A,2,ERR3988795
10882,C,G,2,ERR3242128
10882,C,G,2,ERR3242882
10882,C,G,2,ERR3988971
10882,C,G,2,ERR3242672
10882,C,G,2,ERR3239559
3006,C,T,2,ERR3239565
10882,C,G,2,ERR3242458
7719,T,C,2,ERR3243020
10882,C,G,2,ERR3243020
10882,C,G,2,ERR3989110
10882,C,G,2,ERR3989105
673,C,G,2,ERR3239766
10882,C,G,2,ERR3239982
7994,G,A,2,ERR3242303
7719,T,C,2,ERR3243021
10882,C,G,2,ERR3243021
3090,C,G,2,ERR3239570
10882,C,G,2,ERR3242868
10882,C,G,2,ERR3242840
10882,C,G,2,ERR3988970
10882,C,G,2,ERR3988958
10882,C,G,2,ERR3239362
10882,C,G,2,ERR3242075
7719,T,C,2,ERR3240104
10882,C,G,2,ERR3241965
10882,C,G,2,ERR3989071
10882,C,G,2,ERR3989065
10093,C,G,2,ERR3241971
10882,C,G,2,ERR3989059
10882,C,G,2,ERR3243141
7719,T,C,2,ERR3239823
10093,C,G,2,ERR3243143
7994,G,A,2,ERR3989098
10882,C,G,2,ERR3989073
7719,T,C,2,ERR3241967
10882,C,G,2,ERR3241967
10882,C,G,2,ERR3989067
10882,C,G,2,ERR3242063
7719,T,C,2,ERR3242936
10882,C,G,2,ERR3242088
10882,C,G,2,ERR3242881
7719,T,C,2,ERR3242665
10882,C,G,2,ERR3242117
10882,C,G,2,ERR3988972
7719,T,C,2,ERR3242671
7994,G,A,2,ERR3989311
7994,G,A,2,ERR3242329
7719,T,C,2,ERR3241807
7994,G,A,2,ERR3989106
10882,C,G,2,ERR3242466
7719,T,C,2,ERR3240271
10882,C,G,2,ERR3243036
7719,T,C,2,ERR3243022
7719,T,C,2,ERR3239567
10093,C,G,2,ERR3242116
10882,C,G,2,ERR3242116
10882,C,G,2,ERR3988973
10882,C,G,2,ERR3242894
10882,C,G,2,ERR3239413
3002,G,T,2,ERR3242923
10882,C,G,2,ERR3242089
10882,C,G,2,ERR3242704
10882,C,G,2,ERR3988807
10882,C,G,2,ERR3989066
10882,C,G,2,ERR3241966
7994,G,A,2,ERR3239639
7719,T,C,2,ERR3242512
10882,C,G,2,ERR3243142
626,G,T,2,ERR3243156
10882,C,G,2,ERR3239822
10882,C,G,2,ERR3989089
10882,C,G,2,ERR3239826
7719,T,C,2,ERR3241745
7719,T,C,2,ERR3243146
10882,C,G,2,ERR3243146
10882,C,G,2,ERR3989076
10882,C,G,2,ERR3989062
7719,T,C,2,ERR3241792
10882,C,G,2,ERR3242072
10882,C,G,2,ERR3242714
10882,C,G,2,ERR3242066
674,G,C,2,ERR3239403
10882,C,G,2,ERR3239417
10882,C,G,2,ERR3242099
10882,C,G,2,ERR3988977
7719,T,C,2,ERR3242853
7994,G,A,2,ERR3242304
7719,T,C,2,ERR3239952
10882,C,G,2,ERR3239952
12047,G,C,2,ERR3239952
10093,C,G,2,ERR3243026
673,C,G,2,ERR3989102
10882,C,G,2,ERR3989102
7994,G,A,2,ERR3239984
10882,C,G,2,ERR3239984
10882,C,G,2,ERR3989103
7994,G,A,2,ERR3242339
7994,G,A,2,ERR3242463
7719,T,C,2,ERR3240089
10093,C,G,2,ERR3242113
10882,C,G,2,ERR3242113
10882,C,G,2,ERR3242661
7719,T,C,2,ERR3239364
10093,C,G,2,ERR3239364
10882,C,G,2,ERR3242073
7719,T,C,2,ERR3240102
7994,G,A,2,ERR3989077
10882,C,G,2,ERR3989077
10882,C,G,2,ERR3239833
10882,C,G,2,ERR3243147
10882,C,G,2,ERR3239827
7719,T,C,2,ERR3241744
12047,G,C,2,ERR3241778
10882,C,G,2,ERR3242501
10882,C,G,2,ERR3239819
10882,C,G,2,ERR3239831
10882,C,G,2,ERR3989075
10882,C,G,2,ERR3239602
10882,C,G,2,ERR3241949
7719,T,C,2,ERR3242065
10882,C,G,2,ERR3988800
7719,T,C,2,ERR3240114
10882,C,G,2,ERR3242071
7719,T,C,2,ERR3240128
7719,T,C,2,ERR3239414
10882,C,G,2,ERR3242111
10882,C,G,2,ERR3988974
10882,C,G,2,ERR3988960
7719,T,C,2,ERR3239560
10093,C,G,2,ERR3239560
7719,T,C,2,ERR3242878
10882,C,G,2,ERR3242688
10882,C,G,2,ERR3239979
7719,T,C,2,ERR3243019
10882,C,G,2,ERR3243019
10882,C,G,2,ERR3243031
10882,C,G,2,ERR3239951
7719,T,C,2,ERR3241815
10882,C,G,2,ERR3239986
10882,C,G,2,ERR3989100
10882,C,G,2,ERR3243024
10093,C,G,2,ERR3239788
10882,C,G,2,ERR3239788
10882,C,G,2,ERR3243018
10882,C,G,2,ERR3242138
10882,C,G,2,ERR3988949
7719,T,C,2,ERR3242662
10882,C,G,2,ERR3242110
10882,C,G,2,ERR3240061
7719,T,C,2,ERR3242931
7719,T,C,2,ERR3242925
7719,T,C,2,ERR3239415
10882,C,G,2,ERR3239373
7719,T,C,2,ERR3240129
10882,C,G,2,ERR3242070
10882,C,G,2,ERR3989074
10882,C,G,2,ERR3243150
10882,C,G,2,ERR3239818
7719,T,C,2,ERR3242272
7719,T,C,2,ERR3243123
10882,C,G,2,ERR3243123
10882,C,G,2,ERR3243137
7719,T,C,2,ERR3242765
10882,C,G,2,ERR3242771
7719,T,C,2,ERR3239466
10882,C,G,2,ERR3242163
7719,T,C,2,ERR3242188
7719,T,C,2,ERR3242836
7994,G,A,2,ERR3989359
7719,T,C,2,ERR3242349
10882,C,G,2,ERR3239738
7719,T,C,2,ERR3243080
10882,C,G,2,ERR3243080
7994,G,A,2,ERR3989167
10882,C,G,2,ERR3243081
10882,C,G,2,ERR3243095
10882,C,G,2,ERR3242406
10093,C,G,2,ERR3242374
7719,T,C,2,ERR3241899
10882,C,G,2,ERR3239922
7994,G,A,2,ERR3242604
10882,C,G,2,ERR3242604
3002,G,T,2,ERR3240013
10882,C,G,2,ERR3242162
12047,G,C,2,ERR3242162
10882,C,G,2,ERR3988898
12047,G,C,2,ERR3242770
7719,T,C,2,ERR3242002
12047,G,C,2,ERR3242758
10882,C,G,2,ERR3243136
10882,C,G,2,ERR3243122
7719,T,C,2,ERR3243134
10882,C,G,2,ERR3243120
7719,T,C,2,ERR3242570
10882,C,G,2,ERR3243108
12047,G,C,2,ERR3243108
10882,C,G,2,ERR3242202
7719,T,C,2,ERR3242028
10882,C,G,2,ERR3242014
7719,T,C,2,ERR3240171
10882,C,G,2,ERR3239303
10882,C,G,2,ERR3242160
10882,C,G,2,ERR3242438
10882,C,G,2,ERR3239934
7994,G,A,2,ERR3242362
10882,C,G,2,ERR3242410
12047,G,C,2,ERR3242410
7994,G,A,2,ERR3989158
7719,T,C,2,ERR3243083
7719,T,C,2,ERR3243097
10882,C,G,2,ERR3243097
7994,G,A,2,ERR3989165
7994,G,A,2,ERR3241871
7719,T,C,2,ERR3243096
10882,C,G,2,ERR3243096
7719,T,C,2,ERR3242411
10882,C,G,2,ERR3242411
10882,C,G,2,ERR3242405
10882,C,G,2,ERR3239909
7994,G,A,2,ERR3989367
10882,C,G,2,ERR3239510
10882,C,G,2,ERR3242149
673,C,G,2,ERR3989398
7719,T,C,2,ERR3242798
10882,C,G,2,ERR3242954
10882,C,G,2,ERR3988864
10882,C,G,2,ERR3988870
2392,C,G,2,ERR3988858
7994,G,A,2,ERR3989039
10882,C,G,2,ERR3243109
10882,C,G,2,ERR3243121
10882,C,G,2,ERR3243119
10882,C,G,2,ERR3243131
10882,C,G,2,ERR3239845
10882,C,G,2,ERR3239689
10882,C,G,2,ERR3239851
10882,C,G,2,ERR3989015
7719,T,C,2,ERR3241901
10882,C,G,2,ERR3240160
10882,C,G,2,ERR3242011
10093,C,G,2,ERR3242763
10882,C,G,2,ERR3988860
10882,C,G,2,ERR3988848
10882,C,G,2,ERR3239460
7994,G,A,2,ERR3242950
673,C,G,2,ERR3242603
7719,T,C,2,ERR3242165
10882,C,G,2,ERR3242159
10882,C,G,2,ERR3239514
7994,G,A,2,ERR3989411
10882,C,G,2,ERR3243079
7719,T,C,2,ERR3242401
7719,T,C,2,ERR3239925
10882,C,G,2,ERR3239925
12047,G,C,2,ERR3239925
10882,C,G,2,ERR3243086
7719,T,C,2,ERR3243092
10882,C,G,2,ERR3243092
7994,G,A,2,ERR3989149
12047,G,C,2,ERR3241848
7719,T,C,2,ERR3241874
10882,C,G,2,ERR3242414
7994,G,A,2,ERR3242372
10882,C,G,2,ERR3242366
12047,G,C,2,ERR3242366
7994,G,A,2,ERR3989376
7994,G,A,2,ERR3989389
10882,C,G,2,ERR3239298
10882,C,G,2,ERR3242158
10882,C,G,2,ERR3242602
7719,T,C,2,ERR3242789
10882,C,G,2,ERR3239307
7719,T,C,2,ERR3242038
10882,C,G,2,ERR3988861
7719,T,C,2,ERR3243124
3090,C,G,2,ERR3241733
7719,T,C,2,ERR3243130
10882,C,G,2,ERR3243130
10882,C,G,2,ERR3241719
7719,T,C,2,ERR3243132
10882,C,G,2,ERR3239846
7719,T,C,2,ERR3241916
7719,T,C,2,ERR3239661
10882,C,G,2,ERR3239661
10882,C,G,2,ERR3988863
7719,T,C,2,ERR3239477
10882,C,G,2,ERR3239463
10882,C,G,2,ERR3239503
7994,G,A,2,ERR3989406
7994,G,A,2,ERR3989348
10882,C,G,2,ERR3242416
12047,G,C,2,ERR3242416
7719,T,C,2,ERR3242402
10882,C,G,2,ERR3242402
7719,T,C,2,ERR3239926
10882,C,G,2,ERR3239926
12047,G,C,2,ERR3239926
10882,C,G,2,ERR3243052
7719,T,C,2,ERR3241876
10882,C,G,2,ERR3241686
10882,C,G,2,ERR3241692
10882,C,G,2,ERR3243085
10882,C,G,2,ERR3243084
7994,G,A,2,ERR3239700
10882,C,G,2,ERR3243047
10882,C,G,2,ERR3242365
12047,G,C,2,ERR3242365
10882,C,G,2,ERR3242832
560,G,C,2,ERR3240016
10882,C,G,2,ERR3240189
7994,G,A,2,ERR3242946
7719,T,C,2,ERR3239462
7719,T,C,2,ERR3242013
10882,C,G,2,ERR3988862
7719,T,C,2,ERR3242761
7719,T,C,2,ERR3239890
7719,T,C,2,ERR3242239
10882,C,G,2,ERR3242239
7719,T,C,2,ERR3241718
